ID,Title,Year,Rating,Rank
8ff1c1d4-bd6f-4647-aade-330375db69b6,A Trip to the Moon,1902,100,1
40bce645-7fb8-4584-be9c-e5d894759b1f,Intolerance,1916,97,2
5c4f0a57-84d4-4c7d-9378-11e5be1703b5,Broken Blossoms,1919,95,3
f5b9d713-001a-4b3b-a08e-7a92b410911c,The Cabinet of Dr. Caligari,1920,96,4
db3bab21-c852-4059-9823-55d6e3d951fa,The Kid,1921,100,5
2c1efa6d-3c5e-4d4b-be9e-9dca6c631182,The Phantom Carriage,1921,100,6
732469e1-1f3d-4064-b5b0-d3c6b12520e1,Nanook of the North,1922,100,7
bdabd52e-0bdc-4196-9d2b-9470039a15d9,Nosferatu,1922,97,8
45cf02e5-3458-45e8-a0ea-16a7753a56da,Our Hospitality,1923,97,9
e09519b1-cf26-4b67-ad1b-5353b0631e47,Safety Last!,1923,97,10
12a86284-aaa5-423a-84ca-af72c72b78b7,Greed,1924,96,11
ef38d798-4195-48ba-9811-1cded73c4f72,"Sherlock, Jr.",1924,93,12
95952533-5490-4d86-8118-caa48c8f093d,The Last Laugh,1924,100,13
565105f2-e712-4fb9-b338-da425543c6a6,The Navigator,1924,100,14
2ef4f43d-473e-4fea-bafc-787872b1a14a,Battleship Potemkin,1925,100,15
7f5838d0-79ad-400f-84f8-e1454f445b86,Seven Chances,1925,94,16
52a5be9e-28b8-4b95-8d85-4c017a7bff3e,The Gold Rush,1925,100,17
701e18a2-e63d-46f1-9877-036f211594b9,The Phantom of the Opera,1925,90,18
2632dc96-e597-4322-94eb-b85dcc5643ec,Faust,1926,91,19
fbffacc3-80a6-4e8c-925c-2604fcc37d1d,The General,1926,92,20
9f2401ef-49e5-4591-b285-5dcc6eac05ce,Metropolis,1927,97,21
bd5d9a22-cbc1-4684-bb9f-c9f06121adf9,Sunrise: A Song of Two Humans,1927,98,22
996f9935-23ab-47fc-9d40-98074d43cad1,The Lodger: A Story of the London Fog,1927,96,23
c58bb760-d072-40b3-ad4d-ba5bd307bbbd,"Steamboat Bill, Jr.",1928,100,24
5a736606-8938-434e-a19a-c8da237c0e19,The Cameraman,1928,100,25
49dd2201-d84f-4975-8bad-b3a34c1f797b,The Circus,1928,97,26
27a1872c-eceb-4896-a2bb-4dc04c3288b7,The Passion of Joan of Arc,1928,98,27
b43d055e-0f9b-407e-b88e-8cb7810fcfe5,Man With a Movie Camera,1929,98,28
62833890-03fd-4fc9-a421-7fab1b8983a6,Pandora's Box,1929,93,29
5209ee35-d56c-4f79-813f-1dbb9c73c64a,Un Chien Andalou,1929,100,30
a4598620-7153-4e55-a50b-8f2b2ba2a405,All Quiet on the Western Front,1930,98,31
48b2dbf8-51fa-4265-8d8a-468ad2aa73a4,Animal Crackers,1930,96,32
568266ff-6a6b-4b87-acd0-ac5c8d681f2a,The Blue Angel,1930,96,33
452ae6fe-156d-4b77-b71a-01d1740f478c,City Lights,1931,96,34
9efbd4f0-098d-4d6d-973b-63fa41e792fe,Dr. Jekyll and Mr. Hyde,1931,91,35
105ee491-3778-4f73-8d9a-3b22a3b3b91b,Dracula,1931,94,36
bd3447a7-2057-4a60-bdc9-0bb62ac846cd,Frankenstein,1931,100,37
b6ae6781-a3d0-48f8-ba79-c252b064f326,M,1931,100,38
81d3ca81-b6a4-45d7-8daa-38abad8f2ff6,Monkey Business,1931,89,39
55634994-e517-43cf-a004-170b56a43c10,The Public Enemy,1931,100,40
6cdbda85-a555-4e2e-9bd6-91ebd580a161,Freaks,1932,95,41
aaf22690-ea9b-4c18-89ee-4d18370dcfc1,Horse Feathers,1932,97,42
a23b6d8f-b9a9-4052-a3ef-2dfa57641e59,I Am a Fugitive From a Chain Gang,1932,96,43
514c3101-993e-4162-b5bb-e91115b0c711,Scarface,1932,98,44
5cc71198-1b87-4b3f-acbf-3ce62d5c0b59,The Old Dark House,1932,97,45
720eabd8-a5ab-41ad-a4ce-5afeb7c74bf1,Trouble in Paradise,1932,89,46
fa57de7f-58be-4306-a640-2e660e404c64,Vampyr,1932,98,47
594f39dd-7783-4fbc-a612-ff413631779c,42nd Street,1933,96,48
4f8f8bff-9b5c-47ec-8a2f-99dccd5b7336,Duck Soup,1933,91,49
3ac5691c-f768-468a-a516-d4fa867136fb,King Kong,1933,99,50
8f1cc236-c319-4130-bc2b-b085a54dcc25,The Invisible Man,1933,94,51
ea17ade3-088f-49ff-998a-919c4a78b605,It Happened One Night,1934,99,52
59c50886-148b-435c-adca-14a00545a1e2,L'atalante,1934,100,53
40dc728c-bc02-486b-8517-dc3b77183e9a,The Thin Man,1934,98,54
59bc497a-d944-4352-8251-a4a614bed9ba,A Night at the Opera,1935,97,55
d16232a2-f393-47b0-b0f2-5bbe57fc39c0,Bride of Frankenstein,1935,98,56
a8771bc1-82d2-43bc-9f70-f0bde358495f,Captain Blood,1935,100,57
3a2d4cb6-3a8a-402b-9c0e-311180b1040a,Mutiny on the Bounty,1935,93,58
19a03327-858e-4ca9-83c0-142911fa2f71,The 39 Steps,1935,96,59
4b9f4559-d0ed-414d-92dc-7ba13b662718,Top Hat,1935,100,60
d0f2e01e-b758-4535-8c94-39475d301ed4,After the Thin Man,1936,100,61
955379c9-79ea-4d19-9dd3-efe2fad1125c,Fury,1936,100,62
c0d2dfd8-d81d-4cb9-8d3a-35ea862c3774,Modern Times,1936,98,63
6c0e50db-2584-425c-9cb8-082305effe4b,Mr. Deeds Goes to Town,1936,91,64
95a2baec-544a-4a50-8f31-3d8886deb679,My Man Godfrey,1936,97,65
a80031cc-a9bc-401f-87ea-594b9db07f6f,Swing Time,1936,97,66
763cf75e-a15c-4e21-a4d2-eeb5afc46a75,The Petrified Forest,1936,100,67
ab946257-323c-49c9-b440-319709fef839,A Day at the Races,1937,94,68
f15b61c2-f44b-4449-95c1-27060f52a68e,Grand Illusion,1937,97,69
6aa543ce-a0d8-4549-ad9b-396f5f870ae1,Lost Horizon,1937,93,70
c92c01f3-3c35-456a-b1d6-4ddb0cee4a3e,Snow White and the Seven Dwarfs,1937,98,71
4d25dcc8-9fbc-4911-bd03-e0d3534cc785,The Awful Truth,1937,93,72
92fae86b-f864-43cb-9923-0a709286797c,Alexander Nevsky,1938,96,73
9ad34647-f122-4197-aaae-1abf159171ba,Angels With Dirty Faces,1938,100,74
9784bb1b-dd6e-496d-8d59-43e39d6f9dcc,Bringing Up Baby,1938,94,75
e0368df6-6981-4dcb-856d-d98e3c4bffff,Holiday,1938,100,76
e92d408d-8539-4f12-9d25-9a4a5b883546,The Adventures of Robin Hood,1938,100,77
ade9cbe3-2094-4c1c-a344-c28483be5a9f,The Lady Vanishes,1938,98,78
de097cdb-1ea5-4893-be38-4212f4686b4d,You Can't Take It With You,1938,95,79
5e1c00de-52e3-4849-b818-664a72ddb470,Destry Rides Again,1939,96,80
ded2565c-8a17-45c6-8953-b9d6454a5451,Gone With the Wind,1939,90,81
1e280f2e-c4a9-4be9-9dd8-7eb02c12b362,Mr. Smith Goes to Washington,1939,85,82
ce02e618-9d9f-45e9-8da5-3a6fd91633e6,Ninotchka,1939,97,83
54df5a5d-c0dd-492f-b6b5-3f8fe1aa181b,Only Angels Have Wings,1939,100,84
72b8830a-cb2c-4ced-b9ea-d25cb0b316fc,Stagecoach,1939,100,85
827c8de3-0dd5-4d35-82e3-fe0f8ec7493f,The Hunchback of Notre Dame,1939,94,86
a39e93cd-19c0-4c03-bd1a-3ad7d173b7b6,The Roaring Twenties,1939,100,87
63e3319b-fdb3-4b82-abe3-d2040d0e34ec,The Rules of the Game,1939,96,88
feb58987-cc47-46b9-8449-4757cd5e6a31,The Wizard of Oz,1939,98,89
bc9d7a31-652f-4191-a58f-40ce71ec942f,The Women,1939,94,90
e8c4f4ea-cb24-48eb-98b2-7ef257c1590e,Wuthering Heights,1939,96,91
180d7b69-2f04-4735-b967-b1f15e669efc,Fantasia,1940,95,92
3a79c26e-a04c-435c-b98f-6c281150d136,Foreign Correspondent,1940,95,93
a2dc4bdc-4c54-4384-817e-b9e7699a644b,His Girl Friday,1940,99,94
54500cce-d153-43dd-938c-108c18c2c551,Pinocchio,1940,100,95
c200145c-63c4-4faa-9c79-fc0cd5b0682e,Rebecca,1940,100,96
0b18f532-1dbf-4336-b22a-cfeec80299f4,The Grapes of Wrath,1940,100,97
83ca11a7-b5aa-4403-8760-fe46c2d7d98b,The Great Dictator,1940,92,98
235400bb-b496-41d4-b4d8-0e7560106afb,The Letter,1940,100,99
4dfcb2d3-8c43-43ec-8749-4c21d83024d8,The Philadelphia Story,1940,100,100
4c9c716b-3bc7-4617-8698-a53e2e454345,The Shop Around the Corner,1940,100,101
3e8187c3-8786-432b-b5f2-8abd93992ebc,The Thief of Bagdad,1940,100,102
450c1e92-0a5f-49eb-ad0c-cc5abaa41c96,Ball of Fire,1941,100,103
363b6474-a313-4d90-a391-0d7020cae304,Citizen Kane,1941,99,104
5328732d-d5af-4ac8-9953-68a48c0e99dc,Dumbo,1941,98,105
3440947f-927a-4182-afa6-0f785cc5caf0,High Sierra,1941,92,106
d2e296fe-7d91-44d1-ae1c-908eec762a83,Sullivan's Travels,1941,100,107
9b477bd8-b12a-478d-9506-1ddeaf14eac9,The Lady Eve,1941,100,108
adca5141-a91b-41b1-b504-06efcecc99ce,The Little Foxes,1941,100,109
6fcf9929-a833-42d5-816d-b1a036e39a3b,The Maltese Falcon,1941,100,110
5edf6dad-e821-4560-a1f1-129f2f0ba02b,Casablanca,1942,99,111
f7874b3c-4477-42cd-9b67-b4e7beb387cd,Cat People,1942,92,112
33276e2a-b71c-42a8-8191-36e578b83f43,"Now, Voyager",1942,91,113
e7dad881-c6d2-4389-adcd-f59a96341f98,The Magnificent Ambersons,1942,89,114
aad5416c-56d2-48e0-9107-0035b3d8ee21,The Palm Beach Story,1942,97,115
9a76e61b-5dea-430f-831d-dd29c2bbd12d,To Be or Not to Be,1942,96,116
b483298a-81bd-40d4-9b57-8c4b790f2e88,Day of Wrath,1943,100,117
b9af1532-0934-46c1-a9d2-c707ba20db19,I Walked With a Zombie,1943,85,118
f516e36d-350d-4a12-8695-2eda9b5ee0f4,Shadow of a Doubt,1943,100,119
66847407-fd16-4f23-9669-ada3ce431de8,The Life and Death of Colonel Blimp,1943,97,120
7ba70837-6005-469a-bf6e-b609b10de5fd,The Ox-Bow Incident,1943,91,121
93a6655b-b875-44a2-970b-faddc2cf19f1,Arsenic and Old Lace,1944,85,122
41789fb0-ddfb-4523-8ea0-88b17a0f5f17,Double Indemnity,1944,97,123
23210fec-6bde-419f-812b-c9bf6502dbb6,Laura,1944,100,124
9baa4ebb-33db-4ca9-a2ae-7659149f50a4,Lifeboat,1944,93,125
3d9981fb-d89f-43bc-8433-f79f3751874e,Meet Me in St. Louis,1944,100,126
9394a77f-8d88-4559-8066-8138a6810634,"Murder, My Sweet",1944,94,127
17007535-c500-4cb2-8ec2-a5801be7440a,The Woman in the Window,1944,88,128
753ff6fc-6538-4500-aec7-09dcf9536934,To Have and Have Not,1944,97,129
752736d5-f23c-4fb5-8d00-bfed0ebc034c,And Then There Were None,1945,100,130
4739584b-cf52-49ee-ae31-874ae9e3d464,Children of Paradise,1945,98,131
0f6ed3f1-0ad8-4e39-bfd7-9cfd0747fa3e,Dead of Night,1945,93,132
2ce690c1-04ee-49b1-86f5-b0b4eaeacd0c,Detour,1945,98,133
a1ec17f6-2e0c-4388-a2ed-466509274bbc,Leave Her to Heaven,1945,85,134
96f913d7-e537-47d7-af42-9131ef10dc36,"Rome, Open City",1945,100,135
4fd37b9e-2760-432b-a153-cfaffac3fc06,Scarlet Street,1945,100,136
8d6accef-9d27-467f-b92d-87f85990e9cd,The Lost Weekend,1945,97,137
df53b7ae-f204-49fe-b9b3-c138ade23ad6,A Matter of Life and Death,1946,97,138
371517db-beaa-42cd-b6b1-36f41634a9cf,Beauty and the Beast,1946,95,139
b969b5dc-511f-4515-8341-3a12810e704e,Gilda,1946,90,140
50604254-78b4-441e-bcef-f052563ff63e,Great Expectations,1946,100,141
313955c9-6885-4727-a1b9-c5c69e8029e3,It's a Wonderful Life,1946,94,142
3700bb10-376b-42ba-bcc7-f7818d2a770e,My Darling Clementine,1946,100,143
1823b0d8-2d1c-424b-b8b7-d50984a8a37f,Notorious,1946,96,144
78233cc0-8169-42ba-8ce3-8df87611dc3b,The Best Years of Our Lives,1946,98,145
1004872b-caa4-4380-9cc6-f217d6340724,The Big Sleep,1946,97,146
0fff95a6-13e7-4506-aef3-90ef7eadc01b,The Killers,1946,100,147
ebc8c73f-45b8-472f-9693-8ce265dbf38d,The Postman Always Rings Twice,1946,89,148
c510f904-2d43-4b7b-ba11-554c395c8d9e,The Stranger,1946,97,149
c777e874-463e-45c5-a006-b74cd8ae11bf,Black Narcissus,1947,100,150
99fa0fad-8c1f-440e-9512-84ced9e593cd,Dark Passage,1947,90,151
f7b0e18c-fe6f-4155-85e7-eec3918a03c3,Miracle on 34th Street,1947,96,152
60559c38-d1d0-403e-b300-8f015357da95,Monsieur Verdoux,1947,97,153
81a2182f-3210-49ee-beb8-94e17327308a,Out of the Past,1947,93,154
c92d71d3-a216-489d-a0ac-92a404fe7c59,The Ghost and Mrs. Muir,1947,100,155
49c1846d-591e-4046-970e-c68f93f5a8a0,Bicycle Thieves,1948,99,156
06303b43-17ee-4b08-b292-a5794c5e2dca,Drunken Angel,1948,94,157
5248cc54-edb2-48dc-9e20-1092809d8eff,Fort Apache,1948,100,158
c7e34a0f-a98b-4a80-ad88-42aa55d9a29f,Germany Year Zero,1948,96,159
35d69dbe-b6c6-49fb-b3e0-250f13742b0c,Hamlet,1948,95,160
3be7347d-8acb-4fe1-b571-b33304c5fedf,Key Largo,1948,97,161
b8d45133-4c63-4246-b92d-95ee7248fe42,Letter From an Unknown Woman,1948,100,162
b23cfbc2-a538-4ca9-af60-67d5906aa393,Oliver Twist,1948,100,163
3b790568-e3e6-4c7a-b71e-6c8c319ec204,Red River,1948,100,164
74d17148-b337-4ba7-9d99-341c9b40431d,Rope,1948,94,165
d68006ac-00ba-4c24-bbf9-eedd1e2cbaa4,The Red Shoes,1948,97,166
57b933da-cefa-4db9-a01d-05fe54f8a342,The Treasure of the Sierra Madre,1948,100,167
b16d8fbb-186f-4446-8567-31a022ba3e7b,Adam's Rib,1949,96,168
59c97851-f299-45f5-87ae-ac59e3847ea0,All the King's Men,1949,97,169
bb4c4c6a-eac7-488c-be6e-5505d2d59e11,Kind Hearts and Coronets,1949,100,170
c74843c5-8978-4419-b0de-1adde9b22395,Late Spring,1949,100,171
e517812d-8dd2-45b8-a5df-c84e1e1e70c0,On the Town,1949,93,172
fe8c52a9-1425-45f5-b625-e8379303668c,She Wore a Yellow Ribbon,1949,92,173
d8435b6f-71a2-4dba-987b-c97de1729c89,Stray Dog,1949,95,174
1708400a-430c-4582-8bbf-8c8c297115ac,The Heiress,1949,100,175
1dcb2813-5d8e-448a-93cf-41e980b4fb46,The Third Man,1949,99,176
7967f909-5366-4ab7-b148-ca75b23a537f,Twelve O'Clock High,1949,96,177
85cf3fc0-db83-4e2c-abd1-c308411c317e,White Heat,1949,97,178
6ac35e87-f910-41b9-ab66-7f6d0ba982a6,All About Eve,1950,99,179
0ac6da60-1e69-4f5c-a587-83a21b58e24c,Born Yesterday,1950,97,180
e6aa9f5e-252c-465d-aa5a-8c2d6618fad0,Gun Crazy,1950,90,181
3751459e-1791-4611-a3de-fc27e490ab3b,In a Lonely Place,1950,96,182
4856adb1-0685-4dbf-8582-4010b181551d,Los Olvidados,1950,91,183
83bcda66-fd0c-49c8-98da-8f5c41c7585a,Orpheus,1950,97,184
3d135634-76cc-4e8a-b16a-247e1136deae,Rashomon,1950,98,185
da5c21b6-683d-4faa-83e9-24cd267f1e70,Sunset Boulevard,1950,98,186
0b3fc123-60f2-47eb-9b36-f01f39986187,The Asphalt Jungle,1950,97,187
725ddbf9-0b40-49b1-97a1-8ddb0e779266,The Gunfighter,1950,100,188
eb0e199a-8eca-4c7e-b273-bc3a49566847,Where the Sidewalk Ends,1950,100,189
67f90459-b5e1-4157-86fe-334bcae2c754,Winchester '73,1950,100,190
5aba7789-9bca-45af-a6e2-cf838ef38ee2,A Streetcar Named Desire,1951,97,191
2e854a73-f4bc-4982-b119-35ea37371281,An American in Paris,1951,96,192
1576b349-6183-4f9d-bedb-fab73d582ddb,Diary of a Country Priest,1951,95,193
1acf1947-087a-41e1-a6f2-ec6f4fdfe48c,Early Summer,1951,100,194
31392f4a-d606-4037-8c52-9a954f102e64,Othello,1951,88,195
903422dd-5d96-4586-b604-ad17db1ef7ff,Strangers on a Train,1951,98,196
c3f0b9bd-5880-401a-a291-2eb9acfd3d02,The African Queen,1951,96,197
3e92a898-7300-4f0a-a92d-2aaee7f01843,The Day the Earth Stood Still,1951,95,198
d8d22bc3-872c-4ada-ad7b-9ace4e2db173,The Lavender Hill Mob,1951,100,199
76b42aaa-4076-4397-a2a7-a59c408f18d1,Forbidden Games,1952,100,200
9911dc92-3d2b-4013-9879-3545879c8583,High Noon,1952,95,201
c5f96c68-1cba-4a75-a9b1-206808a9622e,Ikiru,1952,98,202
7c97e1a5-82aa-4588-a7c9-367ccedf1dd4,Limelight,1952,97,203
6600195a-6cc3-4139-9730-4b9eebab9356,Singin' in the Rain,1952,100,204
5bf4bd09-931d-419d-9367-62f7c1e7d34b,The Bad and the Beautiful,1952,79,205
41bac3c3-2d54-4fe3-b636-c5d4033c63c5,Umberto D.,1952,97,206
514ac24d-40b5-4de5-a225-960f2733268a,I Vitelloni,1953,100,207
fadb79a2-3bd7-4ff0-8eaa-48adb0b65e5a,Mr. Hulot's Holiday,1953,100,208
c1f7ddca-c604-4228-bd6e-76a89aa179e0,Roman Holiday,1953,97,209
039ae340-5e5e-4b25-87c4-a3ce03e7365f,Shane,1953,97,210
e99c1b44-b216-4086-a98a-c35ebc309953,Stalag 17,1953,97,211
b35bfe05-bfd2-415f-bd9d-7043c0306a75,The Band Wagon,1953,100,212
a505279c-1a3c-4593-a36c-97447d576bac,The Big Heat,1953,100,213
44471fe6-d152-4136-88ee-d201120e3d48,The Earrings of Madame De...,1953,97,214
3baeffe0-a558-417c-bebe-112790fbe117,The Naked Spur,1953,100,215
6d6cf35b-45c5-45b4-be90-db4a25401429,The Wages of Fear,1953,100,216
426ce659-b33e-454d-826f-45840a9e3074,Tokyo Story,1953,100,217
2250eccf-b855-444d-bd71-636fd9ee9a39,Ugetsu,1953,100,218
383f9d16-c172-4946-9d08-61b27a4453b5,A Star Is Born,1954,98,219
13e46274-5550-4538-86ac-33c52d95ac12,Godzilla,1954,93,220
5e67ab65-339e-49fa-bb59-9364dfebfd5b,Johnny Guitar,1954,94,221
b8b496db-2046-491d-b13a-8ec2b11b0c83,Journey to Italy,1954,96,222
fe6b75d7-727e-403c-b008-ba77311acbe1,La Strada,1954,97,223
bd2ff47c-ef78-4958-8991-af02016e1009,On the Waterfront,1954,99,224
f9bcc5f6-d99e-4cb6-b3a9-35f37016d23a,Rear Window,1954,98,225
ea082a73-5ea7-4668-9cc3-4b93bd0cbe1b,Sabrina,1954,93,226
5b15b4c3-c4c3-45af-98f7-053a033c972f,Sansho the Bailiff,1954,100,227
c908200d-301c-49d1-8c6c-3e74757388b9,Seven Samurai,1954,100,228
6116cf30-7ba9-40c2-b4fb-7c7feb27dc00,The Caine Mutiny,1954,92,229
935a87ba-a44e-45f0-af98-2c520fac26a2,All That Heaven Allows,1955,91,230
26d689b0-db8d-429a-baeb-25221ece24a1,Bad Day at Black Rock,1955,97,231
3963b7ff-139d-4382-8090-726640272b19,Diabolique,1955,96,232
ebf416f8-31ef-4bdc-9834-c16da6fe0e42,Kiss Me Deadly,1955,98,233
d2270b03-29d0-4088-be88-66567ac9a294,Marty,1955,96,234
04e14f94-60ad-44be-8ca7-1ba2e2eaaf57,Mister Roberts,1955,93,235
36071422-5e99-43e1-b1ee-4e1b4e44fa65,Night and Fog,1955,100,236
5d491a5d-af63-4ad5-afb0-528164bfba05,Ordet,1955,100,237
7621d830-4ed8-43a5-8386-59930212ba14,Pather Panchali,1955,98,238
da7399f8-20df-49b7-9cb8-8df53c6a4777,Rebel Without a Cause,1955,93,239
11d7fb59-c8a7-4617-9d6b-005299d66723,Rififi,1955,92,240
e27b2743-b59a-47cb-8cdb-83c99c7e0b33,Smiles of a Summer Night,1955,100,241
d8ad545b-729e-439d-8cdc-4bad2954bf26,The Court Jester,1955,97,242
7db885c4-4f8e-4aea-b3bb-fc7a4cc63b96,The Dam Busters,1955,100,243
bd5833bc-a0ae-4e88-8530-d36374f30132,The Ladykillers,1955,100,244
118ba170-c5b8-4eb1-8287-21bde920b4bb,The Man From Laramie,1955,100,245
00e8374c-8a98-4039-9e4d-1f1ef3975e0c,The Night of the Hunter,1955,95,246
19a4d915-7b75-4bc5-a86f-c756ca4c8a0d,A Man Escaped,1956,100,247
8fbccd0b-7df1-407d-b401-1b4008651082,Aparajito,1956,96,248
64d75257-7b44-470d-a257-dbe1a076ed8b,Bob Le Flambeur,1956,97,249
65623938-ffea-42c6-a517-57efef80cb6a,Forbidden Planet,1956,96,250
7edfdc2c-99d8-4ac3-ab91-8a43af1906e2,Giant,1956,91,251
14691a21-afcc-4d39-9bad-26abc97afe1a,Invasion of the Body Snatchers,1956,98,252
25586970-13e4-4efb-9971-9daf0ef29f51,The Killing,1956,95,253
d5d34e59-aefe-49c3-80b5-56d75ccb7333,The Man Who Knew Too Much,1956,87,254
13e30671-cde2-4fde-8df7-c1327e199389,The Red Balloon,1956,96,255
e14b5392-8460-4a5e-94a6-a63a4c6da8dc,The Searchers,1956,96,256
09b26db6-0a2a-4ddf-9cb3-d0b2fd16e42b,12 Angry Men,1957,100,257
9ce5cda2-973e-45e5-a1dd-ca5f9945c631,3:10 to Yuma,1957,97,258
d5459a48-c004-4c20-9077-d90ac0aadc20,A Face in the Crowd,1957,88,259
d30b6624-2270-440e-9b52-c794191e9c4d,Night of the Demon,1957,100,260
d3078ee1-b39e-4fc9-9e41-0c25087e10e6,Nights of Cabiria,1957,100,261
2e520617-c8c0-4fbe-8304-cfea3b1d7e06,Paths of Glory,1957,96,262
09a81e6e-7b3a-407c-88f2-ff36df3f31f3,Sweet Smell of Success,1957,98,263
ce074b76-90b6-45ef-8a72-bad52e376fd3,The Bridge on the River Kwai,1957,96,264
0e44bba7-c38d-4dec-a84e-9bca681eec59,The Cranes Are Flying,1957,96,265
1ed505c8-f378-441e-b8db-70f1d27da4c1,The Seventh Seal,1957,94,266
a90d5383-7fef-4e9d-8889-1e683ebc43d6,Throne of Blood,1957,96,267
917b00fa-ce75-495e-be10-61a58dff2db6,Wild Strawberries,1957,94,268
ad705fca-4959-4621-985f-43fe7a5e7721,Witness for the Prosecution,1957,100,269
3f09ebb2-15f3-479d-9269-6de18a02988e,A Night to Remember,1958,100,270
df655445-9df6-47e3-b8db-4191f7a695d6,Ashes and Diamonds,1958,96,271
107f4323-5183-4af0-b372-12bd2bfe0fdf,Cat on a Hot Tin Roof,1958,97,272
051a6a69-9c06-418e-8dc0-41d1350ccfbb,Dracula,1958,90,273
7a5c5d8f-923f-4ee8-84b3-64d5ee7ee155,Elevator to the Gallows,1958,93,274
3020db03-ae46-44a4-8a34-26e874d00fc9,Mon Oncle,1958,94,275
2d0035f6-dd4e-4bd7-a94a-e8537fb72277,The 7th Voyage of Sinbad,1958,100,276
13f05956-d1c2-4c41-8464-9dc0c4d6acb8,The Big Country,1958,100,277
f5b4ca21-e9f0-4bf9-b981-84321ace19a4,The Hidden Fortress,1958,97,278
2edb55ef-943c-48a4-b396-d65bd1d59b02,The Magician,1958,100,279
51a8c4ae-bfb5-4ad3-8879-6546ab76aff2,Touch of Evil,1958,95,280
f4a77dbd-4445-4d14-9eb7-27675f2868f1,Vertigo,1958,94,281
078d4f11-2eec-4013-9c26-f130f8ed3a92,Anatomy of a Murder,1959,100,282
1b696a01-829a-459b-94f5-e8fdb9db22df,Ballad of a Soldier,1959,93,283
49ff4612-be71-411d-9833-d003c61caf8c,Floating Weeds,1959,96,284
4f28de88-e191-481e-940d-844f48c399b7,Hiroshima Mon Amour,1959,98,285
47e9a9b9-361e-4683-97ff-a8b1c44c9460,North by Northwest,1959,97,286
16a27042-b9ef-4b45-a167-072b2c10b7ef,Pickpocket,1959,93,287
e158bfe4-e027-46d7-a4d0-22e75a802757,Rio Bravo,1959,98,288
e46755e8-0329-4d06-8254-8ac7f772a000,Shadows,1959,100,289
2e6586f8-40e2-4138-a60e-4d8f5fe88fb1,Some Like It Hot,1959,94,290
60db18cb-e272-4d7a-bb06-d8c071ed70e2,The 400 Blows,1959,99,291
05a41672-2532-430e-aa8b-c5cc31a4cd18,The World of Apu,1959,96,292
9086a4cb-b046-4696-afb1-76fed9fa86b9,Breathless,1960,96,293
0bdaed43-6c5b-42b5-94fe-c6c10e0b0a49,Elmer Gantry,1960,94,294
b214dba6-d989-48c3-8ef1-b4de7a4df260,Eyes Without a Face,1960,98,295
cb54e8e5-8a11-4901-9c80-1e7269839cdc,House of Usher,1960,86,296
973979c1-9d44-4ad1-9750-fa2b16e383bb,Inherit the Wind,1960,93,297
d52148aa-1029-4ea7-8d00-cdecbd278292,La Dolce Vita,1960,96,298
bf02552b-5026-4c83-a41a-b075055fefa2,L'avventura,1960,94,299
41a86323-23ec-4a30-a3e2-3d1e77b0d9b9,Le Trou,1960,94,300
597e5ac8-3b31-4a1d-bd60-154b01ab6ca4,Peeping Tom,1960,95,301
edda40ff-b43e-4aeb-a408-34c544bf581b,Psycho,1960,96,302
eb7ce651-691a-429c-b37d-cbeff250106e,Purple Noon,1960,95,303
c9ecfb5b-223e-410c-82ef-7ce79fbff86b,Rocco and His Brothers,1960,89,304
e196169c-3bfa-4c3d-891e-2112b9e6abd8,Saturday Night and Sunday Morning,1960,87,305
4e130ce1-5ce0-43e5-abfe-6d88e9e5666b,Shoot the Piano Player,1960,90,306
7cb520df-5f63-4382-8c34-8d6c839aee52,Spartacus,1960,93,307
fe0e2f7e-12e7-44c1-9834-b0992ce01272,The Apartment,1960,93,308
66550859-37f9-43ee-bb38-58a99be67661,The Bad Sleep Well,1960,100,309
9b3a6e0e-9a5d-4f4c-a89f-af43efee0536,The Magnificent Seven,1960,89,310
cb19f0fa-ae6b-4a2c-8e47-a97d5aa466ab,The Virgin Spring,1960,88,311
c88cc0ce-76a4-4b56-9b01-3927035f23b9,Two Women,1960,88,312
3351beda-e6f0-4dac-b2f7-d5a5a6f97098,Village of the Damned,1960,93,313
51c1da09-8044-476d-a3ec-a2eba405a3d4,A Raisin in the Sun,1961,95,314
c5cbf9f5-fab2-498e-be81-bc860eee31f9,Accattone,1961,100,315
4af4dff1-f9c8-49cb-814d-aae0855a86b6,Divorce Italian Style,1961,100,316
3be96ea8-45e1-4ed3-a424-47f36182527c,Judgment at Nuremberg,1961,92,317
a9d50466-7d94-4a60-9bc9-0a398bf0f5b1,Last Year at Marienbad,1961,95,318
5211baee-b609-4e34-8516-4bc43c7b8411,"One, Two, Three",1961,91,319
f34496b1-113f-48d2-923e-e30530589232,The Guns of Navarone,1961,92,320
a0dfde0b-4499-47fb-827b-9ca24b4fb265,The Hustler,1961,96,321
c2ce79b9-18c0-40fe-b51b-49a42aeea2ee,The Innocents,1961,95,322
9a9ad9d8-7d87-4aaf-9397-53f97c92b3d2,The Misfits,1961,97,323
807f82cf-35fa-4400-8eaa-484d6054cbda,Through a Glass Darkly,1961,100,324
c299e91e-25cc-4488-9682-d25e61122e54,Viridiana,1961,96,325
cddf7560-4c2c-4b50-bcb2-191d022b745b,West Side Story,1961,93,326
f7310539-617e-4885-823c-e718e02852a8,Yojimbo,1961,95,327
7cfd3fc5-1164-46e7-82af-270aa0d867d9,An Autumn Afternoon,1962,95,328
9f6aa333-1d77-4977-ad3d-0c1f3bbcbd3c,Cape Fear,1962,96,329
d4552671-21be-4e65-92c2-0e44bf9826cc,Days of Wine and Roses,1962,100,330
da0934ee-71cf-4a15-93bf-785192b02096,Harakiri,1962,100,331
aa11c4ae-5603-45e2-a031-9783082391fa,Ivan's Childhood,1962,100,332
a1d2b306-901a-40be-b068-fb5008b39d6c,Jules and Jim,1962,94,333
4bc37d68-7f29-43e7-98c4-d21ba0bbbab7,Knife in the Water,1962,97,334
6dedfb34-eb77-40b6-b441-5136ce3e7f37,La Jetée,1962,93,335
77fa1e85-36b8-4127-abc3-4c0643d488d2,Lawrence of Arabia,1962,94,336
ea8987f1-4c61-477a-8bcc-9ed7810f9c58,L'eclisse,1962,90,337
a6b2b7b3-d85b-471c-a8c2-8e5d932c3efa,Lolita,1962,91,338
31e455cc-ba51-490b-87cf-011ee847885b,Ride the High Country,1962,89,339
8a268eb1-8a00-4bfe-b970-c69a133cbf99,Sanjuro,1962,100,340
18e654f8-30fc-4737-8315-1bb65ac5d165,The Exterminating Angel,1962,93,341
a4a0edb0-62fb-462a-9393-3641cde07e1b,The Longest Day,1962,87,342
6192184f-3ee5-46a2-8c9d-f7d14505106d,The Man Who Shot Liberty Valance,1962,94,343
b10b2347-2fb2-4312-9897-794f17cc8076,The Manchurian Candidate,1962,97,344
b52bf64b-ad84-4f04-b8da-cdaaec30839c,The Miracle Worker,1962,96,345
567df1d6-f296-4bd9-aa1e-33d8a3d3e1e9,To Kill a Mockingbird,1962,93,346
05450f41-4a44-43e0-8808-dce672096cca,Vivre Sa Vie,1962,89,347
a72db00f-a8a6-4a00-b6c1-17dd56563c3a,What Ever Happened to Baby Jane?,1962,92,348
ad42368b-f393-4fc5-bade-d3c2d189c263,8½,1963,98,349
547af0c4-1bff-4779-9e57-2d4ae459d3da,Contempt,1963,92,350
809bcf2a-9d22-455e-8098-6b18f17c55b2,From Russia With Love,1963,97,351
067224f5-92a9-43c0-9a8d-446e4ae8c33f,High and Low,1963,95,352
45d84799-e053-4a53-b7cd-02144b1eaa1a,Jason and the Argonauts,1963,89,353
64e25670-f84b-42a9-b263-ef6c33e8f312,Le Doulos,1963,97,354
1cbe3677-0880-45ae-bf51-3ffe04bb6348,Shock Corridor,1963,95,355
613dcbbb-63c9-48f4-8875-8542b8d42a80,The Birds,1963,95,356
d542c487-7c06-4752-ac7c-d4e4d6b767a9,The Fire Within,1963,82,357
1436695e-2fa7-45dd-81b1-6dfcec54727d,The Great Escape,1963,94,358
c73c39cd-186f-4f01-b081-c8405e451c08,The Leopard,1963,100,359
dc1c44dc-579b-4089-8b78-71a0310fd382,The Silence,1963,84,360
40b47ab7-0a37-4a7a-b9af-d25f506a86e4,This Sporting Life,1963,96,361
98113e7b-fb64-4f3b-9ed3-fda94977331b,A Fistful of Dollars,1964,98,362
56a6d315-d116-4966-941f-c69ed462a6db,A Hard Day's Night,1964,98,363
3c7eb344-ad74-4b7a-8b8d-d93ddbaf748b,A Shot in the Dark,1964,94,364
0cb7647d-0ac3-4fc3-b2d1-56e08ffcee8e,Band of Outsiders,1964,94,365
39badfe3-8f29-4ba9-83ae-ac20ad5d344f,Dr. Strangelove Or: How I Learned to Stop Worrying and Love the Bomb,1964,98,366
0ff8481c-a891-4d05-a243-c5c3a79b76b3,Fail-Safe,1964,93,367
13d81a83-07e8-43a8-8b06-b1ff7641d273,Goldfinger,1964,99,368
879463a3-0a7a-43ce-a03c-e106b7b220be,Red Desert,1964,97,369
37c75bb6-6d23-422e-b9a4-a06cd0166bf1,"Rudolph, the Red-Nosed Reindeer",1964,95,370
523849b6-d2df-490c-8268-2c47a2084770,Seven Days in May,1964,92,371
33244049-2aac-406c-95f3-76358b89fb5d,The Gospel According to Matthew,1964,92,372
619176d1-818e-4bb0-a19c-e9bb76d28f10,The Train,1964,94,373
6b2193e9-65b2-4019-9e0b-681f3e115fa7,The Umbrellas of Cherbourg,1964,98,374
c027ed1e-c716-4676-a705-00cb7fc50573,Woman in the Dunes,1964,100,375
c90d1676-361a-4866-974b-529ece3af38e,Zulu,1964,96,376
534abcb4-71e7-42ee-b71a-edd87f93e41b,A Charlie Brown Christmas,1965,94,377
12630813-a34d-45e9-bcb7-63c06e3fd6d8,A Patch of Blue,1965,89,378
5bfec121-72e6-450f-aa75-c6771b7eb30c,Alphaville,1965,91,379
8986265a-8e0c-422f-a8aa-19a517c1c1c0,Chimes at Midnight,1965,96,380
af65f83f-27a5-41f9-aa33-ff872ecfc359,For a Few Dollars More,1965,91,381
18fbd169-f46b-413a-96b1-e6d19c3033fc,Repulsion,1965,95,382
aff78673-5996-4ed1-a8ad-704dc91007a9,Simon of the Desert,1965,100,383
1e419908-dcff-426c-98b2-4ae81dcea132,The Collector,1965,100,384
e978bad4-6db5-4782-9b94-d563b9c75606,The Hill,1965,71,385
9332560b-3ecb-4101-bd9b-a33fda9f4b71,The Ipcress File,1965,97,386
9efa83f8-0494-4439-a02f-14e1a7b12fce,The Pawnbroker,1965,84,387
1ffc7b4f-de43-4522-bf5b-cc1097e0ab7e,Andrei Rublev,1966,95,388
015bd6bd-e52b-461a-80f9-0e0703863393,Au Hasard Balthazar,1966,100,389
dc4165e8-ea91-4226-96a1-b4d37ea885d8,Closely Watched Trains,1966,95,390
5fa9ed46-0ed4-44a2-8135-bb2c40630b88,Django,1966,93,391
d0c7a3b5-d70b-43e3-96f0-7ef5098a48e2,El Dorado,1966,100,392
52fe1ae0-734f-4fd4-9a28-9ee4301d4ca0,How the Grinch Stole Christmas!,1966,100,393
8d099d2c-208d-4e2a-ac87-8ed863c1ecae,"It's the Great Pumpkin, Charlie Brown",1966,95,394
7b455da2-9054-40e0-ab12-9db2f4517b76,Persona,1966,91,395
5297cc42-60f1-4f50-9f21-5d5f77146e56,Seconds,1966,78,396
c0a6189c-6f0a-44d7-8689-eda4fb2a5de1,The Battle of Algiers,1966,99,397
e53743a9-3ca0-4f5e-b5aa-b4dd49700527,The Face of Another,1966,100,398
dc14e008-2c18-454e-afb1-df53b9a5140c,The Fortune Cookie,1966,96,399
1e080ace-7281-4407-b17e-e449f2b3e4c6,"The Good, the Bad and the Ugly",1966,97,400
846de805-c607-47ae-a846-73fe594497fb,The Professionals,1966,88,401
ae331d2b-9696-4d9b-b848-0bac86d9d1ca,Tokyo Drifter,1966,93,402
e04c5f22-846e-4597-99e9-10a7d9a91545,Who's Afraid of Virginia Woolf?,1966,95,403
414208a0-ee7f-42ca-bf58-d9de42ac7f38,Belle De Jour,1967,95,404
2eaf2988-9f98-4ae7-bb7d-e28d057ae2ab,Bonnie and Clyde,1967,88,405
929d8b8e-12de-475b-a35b-8b46bcd516df,Branded to Kill,1967,100,406
edecf525-599c-4fee-bdc5-8c84c1165e28,Cool Hand Luke,1967,100,407
f603b587-79b4-4372-870f-9273c9dd54ed,Dont Look Back,1967,100,408
b95109e6-be3c-4584-84c2-3658f39c5b96,Hombre,1967,93,409
b9297f40-619e-4674-ac95-cdfffe4d98c6,In the Heat of the Night,1967,95,410
9d1e1b3e-56d2-42ed-841b-08822e19ba7c,La Chinoise,1967,95,411
87cb98f5-d986-43f1-ba9f-140cd218840c,Playtime,1967,98,412
1857c5b4-d17f-4cb7-a8bc-dd7ae40b73ad,Point Blank,1967,92,413
41064f92-da1f-420c-8a9c-f59c23dcc7f3,Samurai Rebellion,1967,100,414
86c7e745-bf0c-4b1f-80e5-f89f2ac4f380,The Dirty Dozen,1967,80,415
b4376174-cded-4f78-a23d-ac53c3f6952e,The Producers,1967,90,416
f400d873-22fb-4104-ad57-b98961911bc2,The Young Girls of Rochefort,1967,98,417
de5e5dec-4732-428d-a3ca-b31cccdb6425,Wait Until Dark,1967,96,418
735c2868-8f35-4240-9ea0-0ae74184e999,Weekend,1967,93,419
3bf1271f-b03a-4691-848d-4bcf7c4af1dd,2001: A Space Odyssey,1968,92,420
f8c3fb38-7501-46cc-bfac-67a9a5c12aec,Bullitt,1968,98,421
e494c111-7026-4281-8d5a-f31bf71a0f28,If....,1968,90,422
255649cf-58ce-4377-8acc-1f9c0060d1b5,Kuroneko,1968,96,423
6486504b-c546-4b24-97d3-e723d01a01f2,Night of the Living Dead,1968,96,424
c29552f3-8d7e-40ce-bcaa-4eb6922677b1,Once Upon a Time in the West,1968,95,425
ca5d6ad9-6cfc-40b0-acb8-2e239308f53d,Rosemary's Baby,1968,96,426
f52ae6b0-f0bf-4966-9703-0fff278fcf57,Stolen Kisses,1968,97,427
48ad79be-c0b2-413e-8117-4e8eae213265,The Lion in Winter,1968,90,428
175a423e-9bdd-4dab-8524-62bad28a5977,The Odd Couple,1968,97,429
39ed36d1-e67c-4010-a2c0-834f5689ab20,The Swimmer,1968,100,430
ea218ff3-b7b6-4f4f-b5c3-8ceb325f2a77,Yellow Submarine,1968,95,431
d0b0debf-4fdd-4c91-92bc-882f9be7bb60,Army of Shadows,1969,97,432
a4853dab-7875-41e5-a81b-351110ca24eb,Kes,1969,100,433
782761e5-7efa-468c-9b7f-c4adba6ccffe,My Night at Maud's,1969,96,434
2899abec-26d2-4cb0-852a-4618ff761bdd,Take the Money and Run,1969,91,435
0b31333d-9e8c-4fc7-80a0-6cdfb31bc427,The Damned,1969,88,436
4918e2e7-25fb-42a7-8280-63aa8f66a0e9,The Wild Bunch,1969,90,437
a8e3d014-a791-4db5-80c4-4cc17be6412d,Z,1969,94,438
238f0242-725c-4a44-b023-fa9b98430836,Claire's Knee,1970,96,439
19af53a9-a1cf-4902-87fb-c6458aa16142,Gimme Shelter,1970,93,440
d28ee6c3-2f6c-4a4e-b86f-b275cff217b4,Investigation of a Citizen Above Suspicion,1970,100,441
4b26c5a3-18fd-4e2d-a75b-523f99c60b35,Le Cercle Rouge,1970,95,442
c221e6f4-e7b6-480b-be98-8328b5311e33,Little Big Man,1970,96,443
153a82aa-4f1f-4cbc-8f6d-286e4ca0bc25,M*A*S*H,1970,84,444
103d2c3f-6f70-42f5-bb21-7c960ad8d63c,Patton,1970,94,445
77f60ae7-2bf2-46bb-8a0a-56435014f91d,The Bird With the Crystal Plumage,1970,85,446
a0d2e019-3e72-4342-a159-a02b443e5984,The Conformist,1970,98,447
377bd785-8a00-4f31-a5c5-3fb7fdf7dd2c,The Private Life of Sherlock Holmes,1970,89,448
462a98c7-277f-4903-9b69-c50613ae5508,The Wild Child,1970,100,449
2ca978eb-63f0-4a1d-9aa6-1e21a5a40516,Tristana,1970,97,450
8583ad6d-ce21-4936-b3d3-2fd80abc2c9b,Woodstock,1970,100,451
4a1e547b-dcd2-4c09-a2ca-009b1506c62c,And Now for Something Completely Different,1971,88,452
d5f16a06-c8e2-4437-83b6-9ff098b821b3,Dirty Harry,1971,88,453
d07ef03a-30a3-438f-bf75-defc47f9e8f1,"Duck, You Sucker",1971,92,454
62f6d67f-a8df-454b-84dc-f8a4e7f95d63,Klute,1971,93,455
e6ff2fca-575b-4acc-8cce-b5b94db58e8b,McCabe & Mrs. Miller,1971,84,456
351a4aae-192f-4c4a-861c-87a57e9d1ae1,Murmur of the Heart,1971,94,457
9c690add-d9a1-4001-b4ec-a805784a1186,Straw Dogs,1971,81,458
5c6c605f-c8f8-4adb-93d1-93528ce63631,The Beguiled,1971,89,459
578727ee-11cf-4b6f-ab27-641f7c8227c9,The French Connection,1971,97,460
4ebb751f-bb2c-4355-960c-d7f1343fc3ff,The Last Picture Show,1971,100,461
f25f0a09-3f62-498b-b2a9-f305de4d9f06,Two-Lane Blacktop,1971,93,462
e136104d-bf8e-4803-83ae-13b4143394b2,Wake in Fright,1971,96,463
995eaa78-28c6-42ad-8bf7-bf58e29cf7b5,Walkabout,1971,84,464
16962e08-8bbb-486b-a7d1-6c224a4a6a06,Aguirre: The Wrath of God,1972,96,465
511d0bbf-13df-43e4-b674-1acb9c3940bc,Cabaret,1972,93,466
895e53e5-a0a6-4dfc-aaf3-74369f06c410,Deliverance,1972,89,467
c8267911-803d-400d-b4d6-61d668e941ff,Fat City,1972,100,468
3002eced-5699-4b0e-972e-4dc242fb6413,Jeremiah Johnson,1972,95,469
dcd8bc28-88d7-4626-b197-39abdc9386bf,"Play It Again, Sam",1972,97,470
0fd40bf9-056f-4f96-b602-ae03c9a86e61,Sleuth,1972,93,471
cbb40c3a-78d0-4acc-93ae-041472170502,Solaris,1972,92,472
a463327d-a0c6-4fa0-8db4-44e86c686b46,The Discreet Charm of the Bourgeoisie,1972,98,473
4f806297-1b6a-4e6e-b887-753c70866e36,The Godfather,1972,97,474
3bd0682d-cc1d-4636-be03-a63e2207cca9,"What's Up, Doc?",1972,89,475
79023249-6bd6-438e-af8c-5b023f9256d5,Amarcord,1973,87,476
4a6402ec-896c-4268-825b-7f3a71c592cd,American Graffiti,1973,96,477
5a90dc9d-7900-4536-8c97-f027ef8d5416,Badlands,1973,97,478
de0d4b68-fad3-41ea-8d6d-851ef2aa2bcd,Day for Night,1973,98,479
e3d52cf3-0121-44dd-abab-955b09535b1e,Don't Look Now,1973,95,480
ee0d5383-0df7-43d0-a9c7-16f8937f3c8b,Enter the Dragon,1973,95,481
cc06fa48-f5b0-4a7f-9546-d4f9909bdba5,High Plains Drifter,1973,93,482
0caf131b-a368-45f0-a4cf-b1901b433111,Mean Streets,1973,95,483
9245dbbc-3c90-4507-9f4c-a2f04ffa50fe,Paper Moon,1973,93,484
6c5dfd4b-a752-44b0-bc98-f707d7b9ada0,Papillon,1973,77,485
7a98b2df-ba48-4a5f-87e9-c358840fcf06,Scenes From a Marriage,1973,91,486
ee9ed97c-e1a9-40a5-ac0e-78eb9bd32f92,Serpico,1973,91,487
4c50461e-0f9b-4c35-8fc6-4c6cae856dc3,Sleeper,1973,100,488
c30a9723-f70f-43d6-b25d-beff809a2ab8,The Day of the Jackal,1973,89,489
19d3ec7f-08da-4fd2-bab9-c8e3a7221c5c,The Friends of Eddie Coyle,1973,98,490
ce910f2c-b352-4ad5-a888-26f0be4f32ac,The Last Detail,1973,89,491
505dbae9-e60f-448b-b22c-1eb9cf597c47,The Long Goodbye,1973,94,492
07502312-8ae5-4680-8c28-7e5f10745de9,The Spirit of the Beehive,1973,96,493
88f3d216-0645-4d72-b3a1-5600cbc77fcf,The Sting,1973,93,494
f385788b-5061-45d8-b1a0-005ff2288565,The Wicker Man,1973,88,495
273d391f-d196-402c-ad6a-bbf1c87b4efb,Theatre of Blood,1973,88,496
45adec62-d9f6-4a03-b1a9-a6171b208774,A Woman Under the Influence,1974,90,497
4bf02891-5914-4735-bd7c-adb7549441f6,Ali: Fear Eats the Soul,1974,100,498
18330dde-e1e7-4d51-a728-94d17b840f99,Alice Doesn't Live Here Anymore,1974,88,499
e90f3751-b632-47fe-b84a-84abaaca7973,Alice in the Cities,1974,100,500
a069567a-d06a-4105-8c1f-ef08c4456d69,Blazing Saddles,1974,88,501
34da0267-3b75-4827-832f-65be6d439d49,Chinatown,1974,99,502
04228916-5048-45b4-8a36-00095ba984ee,Lenny,1974,89,503
cdeacea8-b100-4ce0-b338-9254dee8f051,Phantom of the Paradise,1974,86,504
0205442f-743a-4516-8a72-6efb98b79ce6,The Conversation,1974,97,505
8b6e7f0a-a787-492f-815b-1b04e56b0859,The Enigma of Kaspar Hauser,1974,95,506
d3951607-bca0-4961-a001-dccfb236ffc2,The Godfather: Part II,1974,96,507
e568b8ae-22dd-40ed-a39b-aa2b89c4418e,The Parallax View,1974,90,508
948da3d5-f8db-4407-a014-9ad04659205a,The Taking of Pelham One Two Three,1974,100,509
a7da1520-cb89-47f1-9976-56f205978dcc,The Texas Chainsaw Massacre,1974,89,510
a5d772ec-48dd-48e7-9523-6de3a8d06561,Young Frankenstein,1974,94,511
94cf66cb-78c5-4721-9d4c-d6587e77d3f3,Barry Lyndon,1975,89,512
4d8daf6f-711e-43b5-81cf-6d4d6c16f874,Deep Red,1975,93,513
012754a6-cb66-4f94-abef-0f3a5336fbfe,Dog Day Afternoon,1975,96,514
9e90a34a-c9ab-4fbd-b9db-2161a02bee27,Grey Gardens,1975,94,515
be734c68-5a8e-43a1-b443-57b513e954fb,Jaws,1975,98,516
e4042831-cd59-45dc-b5b7-8161e8b1ee04,"Jeanne Dielman 23, Quai Du Commerce 1080 Bruxelles",1975,94,517
b8d1715e-21f4-42cf-95bd-705ad6bd0e57,Love and Death,1975,100,518
66b0ec83-ba40-47a4-a305-fcead5fb26a5,Mirror,1975,100,519
6731aaa4-b617-4ae7-aada-cdf6bad87133,Monty Python and the Holy Grail,1975,97,520
62be93ac-e969-4b0f-9a45-4358a3531a08,Nashville,1975,91,521
5a4dfbd1-b45a-4392-9683-ebb781b62555,One Flew Over the Cuckoo's Nest,1975,94,522
2c288b9e-bc65-4541-9181-d7d1d4f4fba1,Picnic at Hanging Rock,1975,90,523
bf7a465e-c0ae-437c-9ed2-29743c4e70cb,The Man Who Would Be King,1975,97,524
f203fb10-28a8-4399-86de-90ea2950168b,The Passenger,1975,91,525
fefd3312-e523-4744-b167-baa1efbd5bf0,The Story of Adele H,1975,92,526
8b12a94c-7e08-4938-8046-4874d52a0682,All the President's Men,1976,94,527
adf33110-f00f-47dc-bafe-d446d703a55f,Assault on Precinct 13,1976,95,528
c38fa57b-1046-48e4-a357-3840fc8710ca,Carrie,1976,93,529
e115d4d7-0b35-47fb-926a-a3564dc86be8,Cría Cuervos,1976,100,530
8ffe3e85-bafb-4224-ba3a-cefcd7211edb,Network,1976,92,531
7f96e13c-dcc7-4e0c-b890-a92784ccd09c,Rocky,1976,91,532
a479a036-9e4b-42b6-b988-dc3711b37f50,Taxi Driver,1976,96,533
ccd79034-de1b-457d-98e7-2dc3b11216ed,The Little Girl Who Lives Down the Lane,1976,93,534
a097fd07-bc5b-421a-a07f-56254a370dc2,The Outlaw Josey Wales,1976,90,535
83834f6e-f97f-47af-89ff-be0a7dcad98d,The Shootist,1976,87,536
080bcd8f-3036-4ab4-9f6f-3446545ff6f8,The Tenant,1976,88,537
56a5e25b-87e5-4ee0-bc42-4931f9b6b71c,3 Women,1977,94,538
3bf5fc2c-6e76-484d-89d4-bd19d08783e9,Annie Hall,1977,96,539
9943967c-d53a-488a-a1d9-1be4dc75dd61,Close Encounters of the Third Kind,1977,94,540
1c988193-7953-4227-b7d7-81af1885d774,Eraserhead,1977,90,541
a23ee89b-a26e-41df-948f-5c66adc61861,Opening Night,1977,96,542
4ac0f980-88ce-4029-b028-c3048b8de6db,Star Wars,1977,92,543
8695acf4-e720-4b69-b22f-242d2e5c52da,Stroszek,1977,95,544
a921ef47-062d-44d3-8505-66eabbffa0fd,Suspiria,1977,93,545
17981d63-b6f2-4c1d-aa27-4ad7133ee372,That Obscure Object of Desire,1977,97,546
77827aa3-c1b3-48e4-9297-b1d6233bbaf6,The Duellists,1977,92,547
8c3dea05-0fdc-4b20-89ca-4ebbcbac4cd6,The Many Adventures of Winnie the Pooh,1977,100,548
d3dc14a3-8e8c-41f8-a306-4d8208d3ee4d,Animal House,1978,90,549
99da84a3-0662-4455-9620-967278c8cc1f,Autumn Sonata,1978,87,550
f364e914-0983-461c-9111-856d885b646d,Dawn of the Dead,1978,94,551
93c72097-e473-4970-b3b0-777b45157bed,Days of Heaven,1978,92,552
106a5d9a-d36d-4b92-87e5-2ef366bd9c1d,Halloween,1978,96,553
8e439b12-8f35-4a30-b852-649856fea26d,Invasion of the Body Snatchers,1978,92,554
6a1ef0c1-3425-42b0-94e4-58c4ee3e4064,Martin,1978,91,555
8184deb6-b978-4cf2-a479-cf2c66e60f38,Midnight Express,1978,93,556
dee7754f-6c99-48f5-a910-7a131a7cebbb,Straight Time,1978,82,557
e337a2d7-99b8-48a3-8b58-1101c92aa866,The Deer Hunter,1978,91,558
a841f949-54f7-43ce-86cd-ea294d7010ab,The Last Waltz,1978,98,559
af6ec07c-3db6-4aa2-8e43-da8e74d6e3d6,Alien,1979,98,560
0d1fb5f8-4476-41a5-8e16-407abed32718,Apocalypse Now,1979,98,561
2517b20e-2278-4e23-9313-4c8f6ee41356,Being There,1979,95,562
cc20acd2-cd57-4e3c-8196-69fddd8bd265,Breaking Away,1979,95,563
96897f56-93a3-4628-b56d-a586703f0dca,Escape From Alcatraz,1979,96,564
bd8a8484-a352-4276-a0bc-e687e90d6c69,Life of Brian,1979,95,565
fc552aa0-ea69-40b3-bd1b-6a80d6403676,Lupin the Third: The Castle of Cagliostro,1979,95,566
ada1a380-9130-41db-93df-cb1d639aa781,Manhattan,1979,94,567
bc05c5c9-7c34-4dde-b396-f3c2b635dd00,Nosferatu the Vampyre,1979,95,568
764de16f-ddda-41df-8052-29ac26c7b16b,Quadrophenia,1979,100,569
7c9fc08b-969b-4a2a-99af-2a94cf114c82,Stalker,1979,100,570
47c5cde6-b144-453f-87f3-5cc82a3e065f,The Marriage of Maria Braun,1979,92,571
45bead28-df72-45f2-9e15-636588c7f21f,The Warriors,1979,87,572
0eacc5d1-570a-4736-9019-9004bbee22b6,Airplane!,1980,97,573
10b1e6a3-3f63-4c9f-aa75-77761473921a,Atlantic City,1980,100,574
fb1f726d-64e8-403c-93b0-3a7f64534c96,Breaker Morant,1980,100,575
68b30f22-ffbc-441f-9f41-d94a8a355c50,Coal Miner's Daughter,1980,86,576
698a37cc-9cae-42fc-92d7-871f5b421c3c,Raging Bull,1980,94,577
075dcbee-8b4e-42c9-bde3-01e72cb4380b,The Big Red One,1980,90,578
08225baa-4c04-40f4-b886-6e3815ddfb7a,The Elephant Man,1980,93,579
cddc995f-36b1-46fe-8cf5-cea65e584672,The Empire Strikes Back,1980,94,580
d7024eee-6408-4135-b8a8-3c7dc9117720,The Long Good Friday,1980,97,581
cb004130-1fed-43a6-8307-e31478565ccf,The Shining,1980,84,582
1c744fd4-6404-4762-9700-92d92cd3970d,Blow Out,1981,84,583
d98874dd-dcbe-4e04-b616-4ae090b1ff4b,Body Heat,1981,98,584
a7e88729-49a8-4b01-ab67-427d4e9eb92a,Das Boot,1981,98,585
8f93ba8a-d66e-4992-99ec-86261092d751,Gregory's Girl,1981,95,586
f54a34fe-c233-4a21-a7cb-975fe087fa87,Mad Max 2: The Road Warrior,1981,94,587
fa9ae9ff-56fd-4140-b29d-15f91dda1176,My Dinner With André,1981,92,588
4355514c-e8d2-4f6e-aabf-2a83aa2c3da6,Raiders of the Lost Ark,1981,95,589
93c63384-f170-41e5-8452-afba53a889e9,Reds,1981,89,590
f904cf42-bba6-4f93-87a3-245ef6ed2abe,The Evil Dead,1981,95,591
dbddab65-cca8-41a5-95be-02494e087015,Thief,1981,94,592
5fc59a97-1694-44da-9efd-76240184c04f,Blade Runner,1982,89,593
57248e7c-215c-449e-8fd2-290fec599953,Diner,1982,93,594
09eec224-372d-49fa-b67f-557487d71eb0,Fanny & Alexander,1982,100,595
99592a15-bd1f-40e5-acf4-464f552e3276,Missing,1982,94,596
45ee83e7-06d0-46ff-bde2-c1644326c5fe,Star Trek II: The Wrath of Khan,1982,86,597
2d1611b9-b07f-49a5-aa34-3ed80bf66131,The Draughtsman's Contract,1982,97,598
b51747a3-ea95-427b-9b87-97045c9ddd46,The King of Comedy,1982,89,599
ebea09c3-0487-4bb4-a5a1-5cd477013d44,The Secret of NIMH,1982,93,600
a47ccd21-f973-4c59-b5b6-b9a54ecb462a,The Verdict,1982,89,601
794ea898-8304-4952-8cb7-5fa429d1cf23,Victor/Victoria,1982,97,602
c93fee3c-be79-4ee9-b251-2d0a0dcfd3e9,White Dog,1982,94,603
cef786ab-1f19-4fff-bd8b-18b82d46c420,Local Hero,1983,100,604
015b65de-571f-498c-9fda-dbb444e18c62,Pauline at the Beach,1983,93,605
0583eca0-ba82-4400-8f71-da9a754ebb00,Sans Soleil,1983,87,606
4300cdf5-866a-4671-a1d5-c4faa4f3a863,The Meaning of Life,1983,86,607
7af8973b-bbb7-4bc0-a64d-4ff1d74f5dff,The Right Stuff,1983,96,608
86f24ebb-ccc0-4ec8-b357-aa3cff2aa80f,Zelig,1983,97,609
95a7b204-bb45-45c2-b6bf-5189850ffaa7,A Nightmare on Elm Street,1984,95,610
206be096-c1df-42c1-800c-d02376c1642c,Amadeus,1984,93,611
c6e39c26-e9d3-40d6-ba41-b76fbdfd6603,Blood Simple,1984,93,612
d4a964ee-ceff-4195-a9a6-7fb00249da41,Broadway Danny Rose,1984,100,613
90138c8f-d78d-4307-9fe1-66dd9c496904,Ghostbusters,1984,97,614
a8f5b3fa-4834-4b4e-8917-caf87a8eeb51,"Paris, Texas",1984,94,615
7d6e1b95-001d-46aa-a82d-bbc4ace0388b,Repo Man,1984,98,616
f9d97ac3-c2f8-408f-ad7a-2aa6524e9d5d,Stop Making Sense,1984,100,617
eeb1bbf7-d452-44ff-a2b2-1c00f33d9f7c,Stranger Than Paradise,1984,96,618
9bcb6780-9cbe-4eb7-808f-009c8f2a3d56,The Killing Fields,1984,93,619
d7466925-03d7-475a-9483-f56abd44b8e5,The Terminator,1984,100,620
868fd318-67a2-449b-b6df-2fcea7dc47e2,This Is Spinal Tap,1984,95,621
940deefd-f28c-437f-86fd-1e26fdb817ba,Back to the Future,1985,96,622
3656b542-f6b0-408c-9d33-ade73ef1ff88,Brazil,1985,98,623
1a724396-c9fa-4bad-8339-6f110ac5ba64,Come and See,1985,97,624
6cd783f4-3cee-4266-b819-7787eb646370,Lost in America,1985,97,625
23a234be-18e2-48ad-9d86-c91f33c26715,Mishima: A Life in Four Chapters,1985,89,626
219863d6-e199-40df-ab8e-9c6fcdcad801,My Life as a Dog,1985,100,627
2cca94e6-30b9-496c-8db9-6ab28065009e,Pale Rider,1985,93,628
fcb800b3-491e-46ae-ab72-b4225d86c060,Pee-Wee's Big Adventure,1985,87,629
48cb864b-1abe-4b5b-b7c3-d5125732ab9e,Ran,1985,96,630
b8e1daf1-07a0-4292-ab8e-bfa492a0fe88,Re-Animator,1985,94,631
424e71d2-0ad4-4cbe-a0c7-cebfc75e8f89,Shoah,1985,100,632
78883027-6787-45f0-b258-09271cc68332,Tampopo,1985,100,633
b1fc7cca-0c9e-41d9-8a13-df0ec792f46c,The Breakfast Club,1985,89,634
0d09410d-f775-4bbf-a17a-8f875b8ce15c,The Official Story,1985,100,635
d0a5ed76-6083-4e0c-a2c0-4781c1d0898f,The Purple Rose of Cairo,1985,92,636
45cca460-04f1-4a9e-9d69-34c1a45c4330,The Return of the Living Dead,1985,91,637
49b68570-c46b-48fd-aaf5-e15414a0fff3,To Live and Die in L.A.,1985,85,638
a14572eb-ff2a-4a6e-90ff-9e6954d8b3f7,Vagabond,1985,100,639
1384df50-27d4-42d8-8400-aca307b00739,When Father Was Away on Business,1985,100,640
1b8f66d5-053a-4b94-ba39-e6ce6c6865ec,A Better Tomorrow,1986,93,641
ec4c5fd1-12cb-4c8f-bc5b-7fd361484249,Aliens,1986,97,642
2eccc598-61e6-4b16-b123-8d4f2063a804,Blue Velvet,1986,94,643
fc83164c-0ea2-4ad0-aa4a-ae84323d8918,Castle in the Sky,1986,96,644
4f224bd6-98c8-4c27-9456-177132afc4f4,Down by Law,1986,87,645
bbc7c3c2-97a3-4743-b443-21e2e6f49e25,Hannah and Her Sisters,1986,91,646
0594f217-905e-4741-ad2d-635e3e4adde7,Jean De Florette,1986,96,647
f0f222f5-acbc-43b1-8f71-61dbf09c39f8,Manhunter,1986,93,648
70b76191-89f8-4715-abc4-a3b420dbc8e8,Mona Lisa,1986,97,649
f4dc6369-a2ac-425e-b755-98748e04b738,Salvador,1986,89,650
5125c52c-1453-48fa-88a4-0bab92954707,Stand by Me,1986,91,651
928a6ffd-4de5-44b5-be59-faaf4bcfe65b,The Fly,1986,93,652
c6d4c8f8-6efa-4d93-b06a-0b72f17eb0d6,Au Revoir Les Enfants,1987,97,653
c8ebc250-0264-4a0e-8758-b8e025da048f,Babette's Feast,1987,97,654
534900c9-ce8b-45cf-a5d4-460a73e0f5a0,Broadcast News,1987,98,655
14f95fa4-2beb-4c93-aa6e-ba9af1fc843b,Evil Dead II,1987,95,656
4d6ca906-bdb6-41de-9fe3-3599884d69df,Full Metal Jacket,1987,91,657
25abf813-a7ef-4ab6-bad4-8faa00c2f029,Hope and Glory,1987,95,658
55ab65a9-4f44-4013-9b7e-08b230f33de6,House of Games,1987,96,659
a545f619-4a0c-4f4e-afd5-c60daa459828,Law of Desire,1987,100,660
0e8069bb-fcdf-43d3-8663-a3771d82fd0f,Maurice,1987,87,661
3978163c-deca-4cf8-a51c-f2c33ca48769,Pelle the Conqueror,1987,84,662
5f08da3d-a147-4203-82d8-dd836493e6b1,"Planes, Trains and Automobiles",1987,92,663
69f3e5a1-6d17-46ec-b566-5607c8909518,Raising Arizona,1987,91,664
4d23a1e6-a859-4b4c-a668-d652b141653c,Red Sorghum,1987,85,665
78821911-6150-4a34-aeab-f9e75ff32b83,The Last Emperor,1987,89,666
032574e8-b546-46ec-84bb-9d38c5cfb67e,The Princess Bride,1987,97,667
ffa7f276-ce0b-4e47-96bf-e10669f9e2df,Where Is My Friend's House?,1987,100,668
9c0ae8e7-640d-413a-8acb-4aefc0b3859e,Wings of Desire,1987,98,669
c5d27a57-0a43-453e-b1fd-6130e597493e,Withnail & I,1987,94,670
51be2897-408e-4f45-8367-871f0373cd5e,A Fish Called Wanda,1988,96,671
0c615a21-0fad-434d-9682-dbb3bf88b6b8,A Short Film About Love,1988,95,672
438df432-93ab-47a0-9f06-27db882e31d0,Alice,1988,95,673
1a297f73-943e-4b93-ba3d-22a9adec9ee0,Cinema Paradiso,1988,90,674
55926301-5a79-4e3e-8866-8e4eba3e759c,Dangerous Liaisons,1988,93,675
841d1cc5-58e6-4851-81ac-f4acc4b46675,Die Hard,1988,94,676
97b8c68f-3f80-4937-9d9c-6f126b3e5649,Drowning by Numbers,1988,87,677
e57083bb-515b-47d3-871b-fcba9f186488,Grave of the Fireflies,1988,100,678
edc7d869-d4cf-4888-a832-4d37892a7aa0,Hairspray,1988,98,679
2564c054-c27d-4da9-baf0-8a4d96e4cadb,Heathers,1988,93,680
f4850b09-4348-4ac1-bf68-682c36c50345,Midnight Run,1988,94,681
c9414a6c-37c4-4a7a-b831-2fedb4b82b10,My Neighbor Totoro,1988,94,682
212b80ec-acbc-42d9-9078-50b65663e1b9,Salaam Bombay!,1988,93,683
5c9b4ae6-8446-43d6-a67c-4f9fc83d6353,The Adventures of Baron Munchausen,1988,92,684
41ed7ac0-91ec-4cc4-8356-91f7488b292c,The Thin Blue Line,1988,100,685
4fddc705-097a-47ed-a96f-47a022c559c5,The Vanishing,1988,98,686
9fa42695-e91d-44e6-979b-1663f8f99368,Time of the Gypsies,1988,100,687
b16d8d38-7f49-4d4b-868e-f8ff04f15dad,Who Framed Roger Rabbit,1988,97,688
e0139088-2060-400c-a490-eaa3342bbe66,Crimes and Misdemeanors,1989,94,689
390f4651-47ff-44c2-8134-a2bdcf70269d,Do the Right Thing,1989,93,690
59668a93-aee7-4cab-b9e5-d01411381a4b,Drugstore Cowboy,1989,100,691
4995383f-c343-4e38-a520-bb08ea1ac8f8,Glory,1989,93,692
dc3d9007-cde5-423e-a2b1-dc06152d76f5,Kiki's Delivery Service,1989,100,693
fc7b0279-863e-402d-b2ef-43e28574f901,My Left Foot: The Story of Christy Brown,1989,98,694
129ee187-4964-4aa5-ad35-6b3e602198d2,Roger & Me,1989,100,695
a30a4ae1-ed8b-4caf-a3aa-441529572b19,"Sex, Lies, and Videotape",1989,96,696
bf45fb2d-61bd-4d39-ae63-838a22876ea3,"The Cook, the Thief, His Wife & Her Lover",1989,85,697
769644b0-8c09-4dfb-8c66-0c6ded39542c,The Killer,1989,98,698
f9bf1add-e53f-4f4b-b886-3be7a4731531,A Grand Day Out,1990,100,699
bf24f181-f782-485d-a14f-4913e383e1fc,An Angel at My Table,1990,95,700
a43d25d3-0cdc-4ecf-8597-75c5180c10a7,Bullet in the Head,1990,100,701
a4045d98-b358-4b26-ab7c-0adeca60a421,Cyrano De Bergerac,1990,100,702
413548dc-9442-4973-ba12-86983559ca16,Days of Being Wild,1990,91,703
e41326c4-6580-4f08-84bc-42e6ae5231b9,Edward Scissorhands,1990,90,704
817cacd9-1919-4b95-96d6-f8e952495a29,Europa Europa,1990,95,705
3d96545b-0932-4c5a-ba58-52f7a4ba672a,Goodfellas,1990,96,706
ecd9639c-36ad-48c8-ae3d-8f2c187b632a,Ju Dou,1990,100,707
93bae8da-255e-45b7-bc94-723288005312,Life Is Sweet,1990,93,708
fb1a5565-cd4c-4d5b-9a75-ed676aa3e7dd,Miller's Crossing,1990,92,709
be273cc0-b579-43dc-91b2-761e3b80daa1,Paris Is Burning,1990,98,710
5f78335d-828f-4720-88d8-abb410759351,A Brighter Summer Day,1991,100,711
acadd601-5739-413b-9b50-b3298eb57869,Barton Fink,1991,90,712
9ca648fc-b01e-4eed-a173-6a89fe7749e6,Beauty and the Beast,1991,94,713
3cbcca0c-97f9-4625-a2bd-f720c4d1229e,Boyz N the Hood,1991,96,714
60178542-7c29-4bc7-b426-9b393f3a3674,Hearts of Darkness: A Filmmaker's Apocalypse,1991,100,715
1eaaba89-d561-46a4-9ff6-036bf14bf054,Only Yesterday,1991,100,716
a14aeeed-661d-4909-b7d6-9a1f1abdf088,Raise the Red Lantern,1991,97,717
d47cc07a-d8a3-4da9-bd5f-9c304395acca,Terminator 2: Judgment Day,1991,93,718
ac454f4c-25b2-4806-ac77-cced9e26f5a1,The Silence of the Lambs,1991,96,719
5d4a28e9-8ed6-4642-ad34-9ff9dbe054a9,Aladdin,1992,95,720
c443e561-9b17-4c05-a3b4-afb398166413,Glengarry Glen Ross,1992,95,721
df63c539-8155-4974-9cab-64986138a9d3,Howards End,1992,94,722
895def95-ade4-455e-95f1-e890d4384907,Husbands and Wives,1992,93,723
95697067-2430-40c1-ac58-f6f8c06dfa37,Malcolm X,1992,89,724
267406e4-1987-4e1c-9d5e-ba68b5d5a77b,Porco Rosso,1992,95,725
cb90ab4e-56dd-4274-b262-b42f4368539e,Reservoir Dogs,1992,91,726
e54f3afe-ee7e-4fbe-b667-57d7b2c51779,The Crying Game,1992,94,727
fcbecbc3-6d37-4301-a2af-73347661de3a,The Player,1992,98,728
8d5781ce-68ed-4152-987a-b1132fe67b43,Unforgiven,1992,96,729
201cd57e-5689-429f-8c2a-9de3fbadb40b,A Bronx Tale,1993,97,730
57138dbb-253f-4eed-b14c-fbc12e4c7599,Dazed and Confused,1993,92,731
4e734d77-8cfa-4b5b-90bc-31f30ef87372,Groundhog Day,1993,97,732
db1fbd87-94d3-4dca-a2a6-9019e810de16,In the Name of the Father,1993,94,733
d6eab5e8-b2ab-4487-abf3-74a50ce84371,Iron Monkey,1993,91,734
0f905124-009c-416b-9579-45abe9cc2f15,Jurassic Park,1993,92,735
79f3bd6c-7eb8-4c6f-867f-e95df76e173d,Manhattan Murder Mystery,1993,94,736
52deaf91-d785-45f9-8160-418494158379,Ninja Scroll,1993,94,737
7f45b9db-6e6f-4435-a04f-ef19d907f538,Red Rock West,1993,97,738
7e6c5afb-1890-4c1d-a5d1-b7f714a08590,Schindler's List,1993,98,739
976cda0f-8e41-4720-b303-511e1f6d4f52,Short Cuts,1993,95,740
5074bbc7-d7fe-4bb5-b896-b285b8f492a4,The Fugitive,1993,96,741
d0c160d0-75f7-4efd-8655-26d5c0cd5770,The Nightmare Before Christmas,1993,95,742
7c0597b0-7928-45ae-b548-b53c227fa433,The Piano,1993,91,743
460b4ec9-f186-48b0-84d7-159aa4453128,The Remains of the Day,1993,95,744
84b4651d-eea4-444d-9ad1-57b74f23ef78,The Wrong Trousers,1993,100,745
7411bbf3-825d-4ebc-b9b6-54007db2c358,Three Colors: Blue,1993,98,746
130ed2a2-5985-4dc3-8f71-e727dd858f22,True Romance,1993,93,747
63e06981-2f94-49e8-a2c0-c2ea4922d5ef,Bullets Over Broadway,1994,95,748
4074c395-02a2-455d-9c67-ce8a05f729e2,Chungking Express,1994,89,749
aa5f86ef-3232-4843-9d05-a98d76a0e5d3,Crumb,1994,95,750
0cd5ec85-a404-464c-a451-781efd259986,Eat Drink Man Woman,1994,88,751
98164290-7dff-419e-a06e-f5e75a60c18f,Ed Wood,1994,92,752
ba315761-36f8-4a62-aec5-3e509974e6b4,Exotica,1994,97,753
5d134a71-f9e3-491b-8f48-5c1e8107baf0,Heavenly Creatures,1994,93,754
ef0dce19-60f7-43a2-829c-089414f0f710,Hoop Dreams,1994,98,755
b0cc1e84-8773-463e-aa0f-8515264b9f1b,Once Were Warriors,1994,93,756
deb5a37c-e344-4e88-b17b-ed7b213706ac,Pulp Fiction,1994,92,757
7865a84e-371c-494e-b707-af469ae4f6f3,Quiz Show,1994,96,758
7f6ab031-966c-4b0f-a8a0-aff118db8109,Satantango,1994,100,759
24d3bdb8-6b3c-4fd8-b94d-da4cbe838f2b,The Lion King,1994,93,760
c0f50616-0d5d-44b5-a2ee-7a65b90533f1,The Shawshank Redemption,1994,91,761
b3a64f08-9883-4d14-a2f1-bfef66c1b333,Three Colors: Red,1994,100,762
e2712bf4-4047-4b3e-bae4-cb7aca9c662a,Three Colors: White,1994,87,763
5a5ea32a-95be-485d-9a1e-a5091725989a,A Close Shave,1995,100,764
8a59874e-2074-4c95-9d2c-fcd8a00fea1f,Before Sunrise,1995,100,765
a5e64867-8663-43a8-a458-201206b60cbe,Fallen Angels,1995,95,766
952f893a-a53e-4e12-90af-e9d3b7c5f100,Ghost in the Shell,1995,97,767
d4838183-0bea-4ef6-a702-18a2bb1baa33,La Haine,1995,100,768
cdc27829-005e-4040-9578-62a71559c8d5,Smoke,1995,93,769
d57a1d4b-06b8-4f36-9aaa-797c3999b13d,Toy Story,1995,100,770
4135f264-2590-4c42-8d67-226e23f88a98,Welcome to the Dollhouse,1995,90,771
7bbda027-9d4a-436c-bc5e-be8152a20c18,Whisper of the Heart,1995,94,772
6692855e-aa2a-4a18-b51b-05dc3bc833e0,Beautiful Thing,1996,91,773
983c9759-7427-4985-88d4-f10f5e6fc74e,Bound,1996,90,774
810b40be-255b-4e3b-ae6f-005ca8c894be,Fargo,1996,94,775
7c9e28db-832c-4cd3-b5c6-0fe1510b9b38,Hamlet,1996,95,776
1de2faee-f618-48fd-8dc1-ec12fe10b105,La Promesse,1996,95,777
c2ea1838-b707-4c82-b5d7-7609b416707e,Lone Star,1996,94,778
c0194efa-5e2e-402b-9124-d6b4dde1c042,Microcosmos,1996,97,779
ca51456a-2a9f-493c-91e9-42d4365fb20e,Paradise Lost: The Child Murders at Robin Hood Hills,1996,100,780
80a2c6cc-7917-44bd-ab00-af407958c912,Secrets & Lies,1996,95,781
ba27881f-0cde-48e8-9aa5-6080ed2a5162,Sling Blade,1996,96,782
618bb718-3e3e-42f1-be45-af56fdbb1a4f,Waiting for Guffman,1996,91,783
9670c756-a735-4d22-b607-f67623934f89,When We Were Kings,1996,98,784
3154c1e4-778b-4727-9c8d-23ca75754ca0,Boogie Nights,1997,93,785
916014a3-b1e8-4c9f-96a7-bcda49975ab2,Cure,1997,93,786
6376d314-f639-4466-b9ba-08bdda450cfd,Fireworks,1997,96,787
8192ddbf-b6e3-4482-8221-0bdfbd7a1ca5,Good Will Hunting,1997,98,788
af129ce8-9b39-4ecc-8da1-e04e17c073e1,Insomnia,1997,95,789
1613392d-9e69-48bb-91d6-18f9ece96c7a,L.A. Confidential,1997,99,790
4b134ec9-bd60-474e-b5b2-6062c4aaa91a,Princess Mononoke,1997,93,791
dfa5d0fb-689a-4a52-970c-fe4a96cb197c,The Sweet Hereafter,1997,98,792
626b3aa2-cf23-4adb-b02c-9b4da4e6be7a,A Simple Plan,1998,90,793
0e741111-a5bf-4f61-87c6-efed7919a968,Central Station,1998,94,794
e3d42104-4fd2-4b03-aefd-f48b118bc4d8,Eternity and a Day,1998,95,795
6027eb39-0e29-4ff0-b6d8-95459b8b6cdc,Kirikou and the Sorceress,1998,96,796
f9aae405-f619-4945-b859-4e356f702cfe,Run Lola Run,1998,93,797
e0c60b0f-c8d9-42a1-990b-f2ff19b1f108,Saving Private Ryan,1998,93,798
4ed9b98b-c928-4628-ba4a-da78dd737b33,Show Me Love,1998,90,799
12185d2e-8200-498a-969b-7dab30173d80,The Celebration,1998,91,800
99fab1e7-edc2-472c-8b94-71ebc20e5d2f,The Truman Show,1998,95,801
c204c195-4409-4841-84e2-f3d0859c4a1d,All About My Mother,1999,98,802
3b0d3f5e-be1b-4e57-aefb-c335640bdd32,American Movie,1999,94,803
c1bda002-65d9-4d00-a361-b08494eac73d,Being John Malkovich,1999,94,804
451887e0-9dff-433b-8966-bd691225b0af,Election,1999,92,805
08885778-41c5-4548-a1b4-d6005c8996de,The Insider,1999,96,806
b90c780f-35e7-4c7c-b029-1f584a6e7b0e,The Iron Giant,1999,96,807
dd32b682-9e03-4afd-a9a0-09f10d9ad501,The Straight Story,1999,95,808
7346404b-2212-40b4-bb1f-40dacfddd00b,The Wind Will Carry Us,1999,97,809
85ce1d19-6b88-4ceb-893e-6bb5e4929cdd,Toy Story 2,1999,100,810
a9e9de88-2173-47b0-9614-02e0efd20f00,Amores Perros,2000,93,811
0b53492b-e9a0-4e79-8015-697c2a4a7879,Best in Show,2000,93,812
4d1d900f-d249-4ec3-85a3-962f31102a59,"Crouching Tiger, Hidden Dragon",2000,97,813
5e006065-de0f-4c6d-8b9b-c711854fb4f1,High Fidelity,2000,91,814
0d31cd74-21f0-4938-8417-aecb7c7ca607,In the Mood for Love,2000,91,815
2bd532bb-9b33-4f1c-a715-cbadf81cf741,Memento,2000,93,816
1d383168-1f87-42cb-88c0-6adabf336838,Nine Queens,2000,92,817
187d2165-aaea-4cbc-959d-7ad7d571bd6b,Werckmeister Harmonies,2000,98,818
99ed5515-a1d6-4aeb-8e45-0c4426028474,You Can Count on Me,2000,95,819
2e8a91c3-f1c8-4bb6-9bda-907832ed56d6,Ghost World,2001,93,820
ee047685-9ba4-4377-9eca-4a639c3850f5,Hedwig and the Angry Inch,2001,92,821
04d9fe8d-d372-4c35-8466-55fe55abc788,In the Bedroom,2001,93,822
dffb445a-44b8-46f6-a6fa-89b26052202b,Millennium Actress,2001,93,823
7192cd8d-b1e1-4531-9ba9-22b73c42f453,"Monsters, Inc.",2001,96,824
d8c9feea-20fb-493c-83c9-aef554ddc7e9,No Man's Land,2001,93,825
a1a15c0d-aba7-44c6-b72c-c6639087cfa0,Spirited Away,2001,97,826
01ca5631-b286-45a1-921d-270a9f0d5d63,The Lord of the Rings: The Fellowship of the Ring,2001,91,827
bc1f410f-b327-4a65-a4f5-01bafaee212b,Y Tu Mamá También,2001,92,828
9b259ab6-0bad-42ab-91b8-3e9e40f913ba,Adaptation.,2002,90,829
f9c9be5d-d80e-4ea1-9c8d-02c6bd084582,Catch Me If You Can,2002,96,830
88cccc1d-0ef7-4aea-b36f-e2cb697059fe,City of God,2002,91,831
9e1fcba9-eab4-42d4-be51-73a3f628d204,Infernal Affairs,2002,94,832
74c9e3df-24bb-43b8-93fc-052e6339f35f,Sweet Sixteen,2002,97,833
e9c30cdc-6b8e-49d1-a180-0457a7f8cfef,Talk to Her,2002,91,834
51d97bec-6358-4a84-b8cb-2883b79f1644,The Lord of the Rings: The Two Towers,2002,95,835
abf7a54c-97a9-45bb-8e7a-6d0a7cc1f142,The Magdalene Sisters,2002,91,836
1e6fe5ca-51c2-4745-a85e-c24d4fd53961,The Man Without a Past,2002,98,837
3d5f7a3d-3254-4064-b373-135c28b3b688,The Pianist,2002,95,838
28e78bdf-5715-4702-9d07-64a92c84676c,The Twilight Samurai,2002,99,839
6d2c0a90-2cd6-4a24-8c97-79214e7c4a10,American Splendor,2003,94,840
34cdffe0-ddb6-4d36-8eb2-f8f207cd856b,Capturing the Friedmans,2003,97,841
877381c9-c33f-410e-a9fe-7cdcc0bf9b01,Finding Nemo,2003,99,842
2669b00c-1a2d-407d-9473-a8db4e33522d,"Good Bye, Lenin!",2003,90,843
b8403cfe-58f6-457d-8793-13bcbbbdaaf6,Lost in Translation,2003,95,844
e02c4c7b-13ea-4a56-bacc-8006a081bfba,"Spring, Summer, Fall, Winter... and Spring",2003,94,845
4c31dba7-5cb2-4db3-99b5-ca176d4717ce,The Best of Youth,2003,94,846
762e276a-e10a-4fc5-b386-85e67c9133a8,The Fog of War,2003,96,847
5d463a15-c9ab-415d-b91f-0df21d0e856f,The Lord of the Rings: The Return of the King,2003,93,848
a44dbe89-7ad2-4066-adf3-69b307926e22,The Station Agent,2003,94,849
878f0d43-490e-4506-8b1c-e233cb1008de,The Triplets of Belleville,2003,94,850
5df155a5-3a63-47b9-b851-ed5a7863ffc8,Tokyo Godfathers,2003,91,851
37219fc4-8621-4131-93b8-504eaf5515a8,Touching the Void,2003,94,852
3c41bd4a-6e7c-48bc-b181-757ee50dbdb6,Before Sunset,2004,94,853
a28bc4ba-b401-4979-9782-eb3f24a9ae15,Downfall,2004,90,854
1967e8eb-99ea-413f-99e6-88794420db26,Eternal Sunshine of the Spotless Mind,2004,92,855
88d9b292-6f37-448a-bd97-e9a5d7a36321,Head-On,2004,90,856
ff9241b1-a6b0-4ed9-a43d-89e21ebad998,Hotel Rwanda,2004,91,857
1919e0d5-aa7b-4d86-a87c-64d474240947,Kung Fu Hustle,2004,90,858
a2c61873-6486-4d10-8ea1-af0638770297,Million Dollar Baby,2004,90,859
21c7b5cc-777e-4246-8dc8-0951a6339449,Mind Game,2004,100,860
e9ea2950-e0fa-4d41-87b7-5a0f35e0cadb,Nobody Knows,2004,93,861
d4f40e5a-a906-45ad-b420-585de58a0565,Pusher II: With Blood on My Hands,2004,100,862
535324bc-537c-44dc-8e0d-0331b912751f,Shaun of the Dead,2004,92,863
a9897023-8af3-4230-8530-202913a14dfa,Sideways,2004,97,864
8ab072c2-f905-473b-b960-f78eded0a0f1,The Incredibles,2004,97,865
7add2918-9e62-4206-a5cd-09d36058b33d,Vera Drake,2004,92,866
1ab973d8-a483-4922-bf51-04f7930a0974,A Bittersweet Life,2005,100,867
8e73f5bc-99a5-4cd9-a6e0-93c9cf261abb,C.R.A.Z.Y.,2005,100,868
49aafc98-5a36-4b00-8e16-fe6cdb4fa15a,Grizzly Man,2005,92,869
7449a4f0-94e0-4baa-bca3-84f1a6273313,No Direction Home: Bob Dylan,2005,88,870
e7c08e4e-2a8c-42c5-a31a-dad2b82c6739,The Curse of the Were-Rabbit,2005,95,871
0c3df046-3309-498d-bbe2-965ef3048392,The Death of Mr. Lazarescu,2005,94,872
8cf42f92-d349-40ed-b7a8-4dbd1b69c268,The Squid and the Whale,2005,92,873
01f39f9f-860b-4d25-8f08-58ee7339f304,Borat: Cultural Learnings of America for Make Benefit Glorious Nation of Kazakhstan,2006,90,874
de8dd2ee-3690-43f7-92e8-e8eb96b64d28,Casino Royale,2006,94,875
c9da43e1-3189-4a58-bf18-7fb7534624e6,Children of Men,2006,92,876
c7f1f5a7-16f5-4f92-a807-51e0b952d0d8,Letters From Iwo Jima,2006,91,877
ec1c5049-0551-4f36-ba65-d3f874be4083,Little Miss Sunshine,2006,91,878
e4a21f25-ae6d-4d5b-81f6-458eac47ab07,Pan's Labyrinth,2006,95,879
69e5fd2d-8e62-4371-9b65-b25ba20d7a28,The Departed,2006,90,880
6ff47204-5daa-4a47-a328-eb825eb1a33b,The Host,2006,93,881
ff6be72f-1485-4882-b2d4-0aec4b24a399,The Lives of Others,2006,92,882
c85601ca-8331-4104-a74b-ca33ba07bfc7,This Is England,2006,93,883
abdad11d-77a2-4df2-9f22-f8f97943aefb,Volver,2006,91,884
6e63986c-642d-45a3-9e21-a90fdad147f7,"4 Months, 3 Weeks and 2 Days",2007,96,885
6587cc25-82f9-4999-a36f-99362a423f06,Encounters at the End of the World,2007,94,886
db740b54-ecb3-45d8-b1bb-bcb364bf43f1,Hot Fuzz,2007,91,887
95c6f0c7-b901-4568-998c-8897d79b6370,No Country for Old Men,2007,93,888
239abf4c-280a-4c85-9f03-0696eff710db,Persepolis,2007,96,889
aa394725-3dfc-4873-9381-b5d4948c7f76,Ratatouille,2007,96,890
0f133ce4-6d43-47e0-ab7e-75bffc0fb56d,Shotgun Stories,2007,90,891
049fb262-baee-4b15-ac5c-959cb616405e,The Diving Bell and the Butterfly,2007,94,892
823686c9-cf69-4061-9b5e-d39a5fdfd70d,The King of Kong,2007,97,893
764986e7-54a5-4f75-bbb7-ce27e69372b2,There Will Be Blood,2007,91,894
137c635e-1da1-4031-a27a-53bd32ffac06,"You, the Living",2007,98,895
8806ecf3-2453-4236-9c6f-ca16d3f430ec,Anvil! the Story of Anvil,2008,98,896
8d42130b-33c0-4401-9506-a57686b912b8,Dear Zachary: A Letter to a Son About His Father,2008,94,897
3c32336a-5453-4d53-af47-e99a0f3107b8,Happy-Go-Lucky,2008,93,898
16c4e812-13c1-45b3-9cbe-c08aa147b918,Hunger,2008,90,899
f64161dd-f587-4cee-b2e4-a36fc86e9b8d,Let the Right One in,2008,98,900
9be2ce7d-40fb-470a-9a94-cae1fd4cacae,Love Exposure,2008,91,901
44ef9baf-0bdd-464c-ac6e-1bf4390735ea,Man on Wire,2008,100,902
34182d53-5cab-4540-8dd9-c6f33862eb76,Ponyo,2008,91,903
22a3a089-3f4c-40e2-a1ce-87467e4f39e0,Still Walking,2008,100,904
bea1646c-1574-4e3f-8b1c-8b588272bbd2,The Class,2008,95,905
00305adc-989b-43f7-98c4-90d1cd6eb047,The Dark Knight,2008,94,906
a7d4cf98-f403-4d36-b113-f325eed3ef5f,The Hurt Locker,2008,97,907
7546e9a9-14d8-4f2f-a9e1-3307e0f3b703,The Wrestler,2008,98,908
4dcaf3ce-8738-4d7f-93bf-0c4b1570bf79,Tokyo Sonata,2008,94,909
2a8399eb-60b8-4367-82d3-4923c6873d61,WALL·E,2008,95,910
c96a9666-db8c-4f01-8399-f958c718667a,Waltz With Bashir,2008,96,911
c227d660-d4dc-435b-a49a-969fe1d6cf16,A Prophet,2009,96,912
dcb2adf9-4ae9-4a22-a03e-56f9c6140b48,Coraline,2009,90,913
ec82d88f-9ae6-413f-8bf6-e4de76308e1a,District 9,2009,90,914
89099f3c-0ea3-43ea-b9ae-e1b434db3232,Dogtooth,2009,93,915
e500d3bf-4736-4609-887d-e8e746bba1e6,Fantastic Mr. Fox,2009,93,916
860d4c5c-9786-4bf6-8eb5-c16ec6a77297,Fish Tank,2009,91,917
76b4a0cc-8fe4-4f78-9704-8bd1f0d0b95f,In the Loop,2009,94,918
9bb3a917-0a12-42de-b517-ef1dbc211611,Mary and Max,2009,95,919
19314e5f-2a68-4431-962a-776be5e71ce4,Mother,2009,96,920
d2358117-0f84-4336-81f3-2b39efe120f7,The Cove,2009,95,921
10e8cccd-8b4b-4e96-954f-799f32a9da0a,The Secret in Their Eyes,2009,89,922
cc99e651-395c-4b07-9450-f5776436ce3d,The Secret of Kells,2009,90,923
f071d2ac-31b7-46b2-bdfd-ecc750f03b67,Up,2009,98,924
6ccdeb26-7e3a-4cc8-b4bc-4f309364816b,13 Assassins,2010,95,925
700bc5f3-fc84-4dcf-adc2-ac5d32af1f1d,Another Year,2010,92,926
2eff5642-0c4e-4730-b1c0-9d9a9e07170b,Elite Squad: The Enemy Within,2010,91,927
ffa505aa-99db-4f4f-acdf-5c7ee8908182,Exit Through the Gift Shop,2010,96,928
5fb37ef7-38c6-4d7e-a355-d6854db52f3f,Incendies,2010,92,929
57a46202-de3e-4e9a-a0cd-4d5dd2f59c3f,King of Devil's Island,2010,94,930
5f95a009-cc42-4ba2-8a36-f086c2e875cc,Poetry,2010,100,931
f46b4753-d619-4027-a9cd-4861e6470c05,Temple Grandin,2010,100,932
77d524d6-79bd-4b65-8dff-34d053f3e43a,The Fighter,2010,91,933
9ebe5ea9-a598-4041-97fa-ac65f874eb97,The Illusionist,2010,90,934
e53b30c9-c23c-4314-9447-e198f2bad4a3,The Man From Nowhere,2010,100,935
d62d068a-ce10-423a-b990-8e28d121146c,The Social Network,2010,96,936
e6de01a4-5de9-4e5a-a274-80cc9f9a593c,True Grit,2010,95,937
6e637617-88cf-4839-81a0-bfb285144e11,A Separation,2011,99,938
6f351ad5-5576-43bd-aff9-03db8ad246c9,Drive,2011,93,939
5437be87-4605-45a1-b79f-1a175f8e19b6,Le Havre,2011,99,940
d6cd99db-897b-4ed0-ad86-01d6972536dd,Midnight in Paris,2011,93,941
188adc42-3e9e-462c-b3f4-dac92197897a,Moneyball,2011,94,942
22b14619-492f-4f7b-b66b-7d2c4251627e,Once Upon a Time in Anatolia,2011,92,943
6d6c914f-95c0-4179-8a78-7dd2ff1371c6,"Oslo, August 31st",2011,97,944
e411ced0-d9c3-4733-86f1-b531f5b00bc4,The Artist,2011,95,945
9592a071-7c1b-4561-9de6-b7b994a5e285,Tomboy,2011,96,946
33de6e7f-d7b7-49b5-995b-51a5ed469630,Weekend,2011,95,947
d83d0722-5dd4-421d-aee5-7932ea13c9ff,Amour,2012,93,948
abc0f361-1dcc-49df-a61f-010d595c7993,Beyond the Hills,2012,91,949
1090dcdf-fc63-440b-917f-10a948a396ab,Drug War,2012,94,950
3cc972ad-1063-443b-8403-8314e9f3bc18,Ernest & Celestine,2012,98,951
48eb1cf7-3046-4e57-984b-2da9ec08a026,Gangs of Wasseypur,2012,97,952
048965c1-906d-4046-b915-d0b935e0f042,Holy Motors,2012,92,953
027442e8-8949-4ccb-a7d7-530f15cf20e8,Moonrise Kingdom,2012,93,954
2a905cce-e7da-44be-a8cf-da55d228847c,The Act of Killing,2012,95,955
5411ac61-29a2-4b5e-a154-ee14a2c3f98d,The Hunt,2012,93,956
80cf1b86-512f-489f-9be8-46ffc312316b,The Imposter,2012,95,957
8959ce72-a7df-4a65-b1a6-ee59de296cc4,Wolf Children,2012,95,958
76103e63-e721-4fd1-96ba-cb04f8e3a2ec,12 Years a Slave,2013,95,959
cb9a9857-5cff-404c-96e0-f290c30b964e,A Touch of Sin,2013,94,960
b7ea0c18-6f5c-46db-9835-39d2834b413a,Before Midnight,2013,98,961
989147e8-b70c-478e-b12e-188fc8d54b72,Blue Is the Warmest Color,2013,89,962
94e02dc7-91ef-4016-bea1-c693ff6df7eb,Blue Jasmine,2013,91,963
78426134-e045-499c-b783-8030593906f8,Dallas Buyers Club,2013,92,964
d8a9adbe-5955-4e59-93ee-9720b7f4aa34,Frances Ha,2013,93,965
e9c4eecb-e847-4484-bf84-3abfeb1e1fd8,Her,2013,94,966
d3543244-0e24-46f2-a8ed-e7a4245e37a7,Ida,2013,96,967
7485c2f2-29e4-43ff-afc1-247ae3631adb,Inside Llewyn Davis,2013,92,968
923b2235-b64e-4f23-8949-5709a34cacd7,Mud,2013,97,969
8a3644a6-6b62-44f4-8aa5-287595511bda,Nebraska,2013,91,970
f7385d8a-858e-4111-8902-bee95f6bc4e7,Short Term 12,2013,98,971
59afe9b3-56ea-421f-b739-903e3b08519a,The Great Beauty,2013,91,972
ca17d09a-380d-413a-8576-283a792031ed,The Lunchbox,2013,97,973
64f471e2-d2ed-47ed-8ee1-2924c1f09c78,The Past,2013,92,974
27b442b3-2467-4d75-90ce-c7bd9bfd3382,The Tale of the Princess Kaguya,2013,100,975
aaa4d3eb-453d-4e77-83e3-63e63d335a92,Venus in Fur,2013,88,976
1910f7da-2215-46dc-9aeb-641f4a8dce8a,We Are the Best!,2013,96,977
b552e5c2-0122-421f-836a-aef638262458,Birdman,2014,91,978
57badd27-0975-43b6-bcc3-333a687935f1,Boyhood,2014,97,979
71079bb7-d3df-4bdf-90a9-a3cf32e4d872,Force Majeure,2014,94,980
472d85a9-0e8f-4ed9-afa4-92253b5f3c4d,Leviathan,2014,97,981
722234e7-73c7-46d5-b685-5d20cde6321a,Mommy,2014,88,982
20c2daca-cd0c-407e-b6ae-c1b06a75eb04,Mr. Turner,2014,97,983
f7478ccf-98cd-4e37-a485-bafcdf28de59,Nightcrawler,2014,95,984
bd305d27-2f6c-4d4e-9e1a-73d0eff1af48,Pride,2014,92,985
6837c18c-6136-499a-8c32-a7b506e6d305,Song of the Sea,2014,99,986
2c3b5ed3-8355-44d4-88d2-144748273636,Starred Up,2014,99,987
54b702c9-a817-4548-83f2-423350f45337,The Grand Budapest Hotel,2014,92,988
189e5bac-bc5f-4c95-8456-30da6aa30d92,The Lego Movie,2014,96,989
d5d1d46b-f4b2-4527-8780-afa99f3a06fd,"Two Days, One Night",2014,97,990
cb06f600-1c9e-43a0-a1f4-50a16739cf3d,What We Do in the Shadows,2014,96,991
1f4db419-a1c5-4d92-bce5-b4aee3a21b67,Whiplash,2014,94,992
e66f0500-24fc-4c08-84a0-2f90dfccca8a,Wild Tales,2014,94,993
c667b52c-140b-41ff-83ca-5b39e4bf74a1,Ex Machina,2015,92,994
aae87858-ccfc-4108-b369-b4807af7c04f,Going Clear: Scientology and the Prison of Belief,2015,95,995
ad798d13-fca9-4109-9ec6-1aea600dfdf9,Inside Out,2015,98,996
2ac08d09-2099-4ee7-bda2-4d9a9b580d8f,Mad Max: Fury Road,2015,97,997
79bb569b-ffb6-4869-a9cb-9e59834336a9,Mustang,2015,97,998
42f25504-689f-46e8-83a5-20f0ff1d13c7,Tangerine,2015,96,999
002470e6-0ac8-4e69-a398-c42e2861313d,The Second Mother,2015,97,1000
